subject,date,delivered_to,class
=?big5?Q?=A7K=B6O=B5L=AD=AD=A6=B8=A5=F4=A5=B4=A4=A4=B4=E4=AA=F8=B3~=B9q=B8=DC?=,"Sun, 15 Sep 2002 20:14:02 +0100",zzzz@localhost.spamassassin.taint.org,spam
[SAtalk] **urgent assistance**,"Thu, 12 Sep 2002 13:44:13 -0700",zzzz@localhost.spamassassin.taint.org,spam
"NTK Now, 2002-08-30","Fri, 30 Aug 2002 16:33:18 +0100",zzzz@localhost.netnoteinc.com,ham
"Find Peace, Harmony, Tranquility, And Happiness Right Now!","Mon, 05 Aug 2002 08:51:39 -1700",zzzz@localhost.spamassassin.taint.org,spam
Save up to 70% on international calls!,"Fri, 30 Aug 2002 17:42:52 +0100",zzzz@localhost.netnoteinc.com,ham
[ILUG-Social] URGENT ASSISTANT NEEDED,"Wed, 4 Sep 2002 20:20:31 +0100",zzzz@localhost.spamassassin.taint.org,spam
Re: Canadians,"Wed, 28 Aug 2002 16:26:34 +0000",yyyy@localhost.netnoteinc.com,ham
Hosting from ?6.50 per month,"Mon, 26 Aug 2002 16:59:52 +0100",zzzz@localhost.spamassassin.taint.org,spam
Email marketing info,"Thu, 19 Sep 2002 20:40:45 -0700",zzzz@localhost.spamassassin.taint.org,spam
Cheap Fags,"Sun, 25 Aug 2002 19:08:37 +0200",zzzz@localhost.spamassassin.taint.org,spam
Re: Tiny DNS Swap,"Fri, 30 Aug 2002 19:39:57 +0400",zzzz@localhost.netnoteinc.com,ham
Re: RedHat 8.0 and his own freetype,"Tue, 08 Oct 2002 23:41:46 -0700",zzzz@localhost.spamassassin.taint.org,ham
don't proscrastinate...it's only $14.95 per year,"Sat, 07 Sep 2002 05:19:48 -0000",zzzz@localhost.spamassassin.taint.org,spam
[Ximian Updates] Hyperlink handling in Gaim allows arbitrary code to be executed,"Fri, 30 Aug 2002 13:14:24 -0400",zzzz@localhost.netnoteinc.com,ham
Doom 3,"Sun, 25 Aug 2002 17:25:32 -0700",yyyy@localhost.netnoteinc.com,ham
Re: latest php upgrade in 7.3,22 Aug 2002 19:12:59 -0400,yyyy@localhost.netnoteinc.com,ham
"Re: [zzzzteana] Save the planet, kill the people","Fri, 6 Sep 2002 11:25:44 +0100",zzzz@localhost.spamassassin.taint.org,ham
Re: Java is for kiddies,"Mon, 2 Sep 2002 10:26:52 -0400",yyyy@localhost.netnoteinc.com,ham
Business Proposal.,"Tue, 3 Sep 2002 21:57:56 -0700",zzzz@localhost.spamassassin.taint.org,spam
Get your own fountain of youth! HGH human growth hormone from 21st Century!17441,"Wed, 28 Aug 2002 13:31:07 -0500",zzzz@localhost.spamassassin.taint.org,spam
Are you LOSING? The answer would amaze you!,"Tue, 10 Sep 2002 15:11:01 +0200",zzzz@localhost.spamassassin.taint.org,spam
"online catalog of articles, adult toys 2009vjtt6-179dML-15","Tue, 27 Aug 0102 20:59:44 -0200",zzzz@localhost.spamassassin.taint.org,spam
[ILUG-Social] please kindly get back to me,"Fri, 6 Sep 2002 10:06:57 +0200",zzzz@localhost.spamassassin.taint.org,spam
New Stock Pick: BBAN - Last Pick UP 309%.......................................... gsg,"Tue, 17 Sep 2002 12:47:46 -0500",zzzz@localhost.spamassassin.taint.org,spam
RE: Java is for kiddies,"Wed, 28 Aug 2002 14:57:00 -0700",yyyy@localhost.netnoteinc.com,ham
public mailing list sign up package,"Thu, 22 Aug 2002 16:09:34 -0400 (EDT)",zzzz@localhost.netnoteinc.com,ham
The Disappearing Alliance,"Tue, 8 Oct 2002 18:18:20 -0400",zzzz@localhost.spamassassin.taint.org,ham
[ILUG] ¯Â°Ó·~¿ì¤½«Ç¥X¯²,"Sat, 7 Sep 2002 11:48:19 +0100",zzzz@localhost.spamassassin.taint.org,spam
PROTECT YOUR INFORMATION AND YOUR COMPUTER,"Thu, 19 Sep 2002 05:20:18 -0500",zzzz@localhost.spamassassin.taint.org,spam
Herbal Viagra 30 day trial....                CRUA,"Sat, 31 Aug 2002 14:24:25 -1900",zzzz@localhost.spamassassin.taint.org,spam
[ILUG] PPPD disconnects on me!,"Wed, 28 Aug 2002 10:00:45 +0100",zzzz@localhost.netnoteinc.com,ham
Re: Java is for kiddies,"Sun, 01 Sep 2002 18:07:29 -0700",zzzz@localhost.netnoteinc.com,ham
Teach and Grow Rich,"Mon, 02 Sep 2002 08:01:07 -0000",zzzz@localhost.spamassassin.taint.org,spam
RE: Java is for kiddies,"Mon, 2 Sep 2002 16:24:05 -0700 (PDT)",yyyy@localhost.spamassassin.taint.org,ham
Re: Entrepreneurs,"Fri, 23 Aug 2002 02:57:05 +0200 (CEST)",zzzz@localhost.netnoteinc.com,ham
Re: [zzzzteana] Which Muppet Are You?,"Thu, 22 Aug 2002 10:19:48 -0700",zzzz@localhost.netnoteinc.com,ham
Go get em gadgets of 2002 4497VLNz2--9,"Sat, 14 Sep 2002 14:29:28 +1000",zzzz@localhost.spamassassin.taint.org,spam
Re: Fw: Re: When are we going to get. [making ALSA rpms],24 Aug 2002 19:40:08 -0500,yyyy@localhost.netnoteinc.com,ham
Earn 100.000$ in one year working at home,"Sun, 22 Sep 2002 22:32:08 +0200",zzzz@localhost.spamassassin.taint.org,spam
fwd:  SYSTEMWORKS CLEARANCE SALE_ONLY $29.99,"Wed, 18 Sep 2002 15:59:21 -1600",zzzz@localhost.spamassassin.taint.org,spam
Curried radiation burns,"Tue, 08 Oct 2002 08:00:26 -0000",zzzz@localhost.spamassassin.taint.org,ham
RE: [ILUG] Newby to Linux looking for information on cvs,"Thu, 5 Sep 2002 23:53:32 +0100",zzzz@localhost.spamassassin.taint.org,ham
Re: [zzzzteana] Illusionist emerges after 24 hours underwater,"Wed, 28 Aug 2002 08:59:07 +0100",zzzz@localhost.netnoteinc.com,ham
Re: The case for spam,"Thu, 22 Aug 2002 19:39:45 -0400 (EDT)",yyyy@localhost.netnoteinc.com,ham
take advantage of this offer                24344,"Sun, 01 Sep 2002 13:21:15 -1900",zzzz@localhost.spamassassin.taint.org,spam
MSNBC: Rates Hit 18 year Low 4.75% ...28940,"Sat, 20 Jul 2002 03:34:09 -1900",zzzz@localhost.spamassassin.taint.org,spam
Save 84% on CE Credits,"Thu, 22 Aug 2002 19:00:32 -0400",zzzz@localhost.spamassassin.taint.org,spam
you can watch me,"Sat, 31 Aug 2002 20:45:02 -0700",zzzz@localhost.spamassassin.taint.org,spam
"$14.95 per year for .COM, .BIZ, and .INFO extensions","Mon, 02 Sep 2002 22:18:23 +0300",zzzz@localhost.spamassassin.taint.org,spam
[ILUG-Social] my webcam is on babe!,"Wed, 28 Aug 2002 09:17:55 -0400",zzzz@localhost.spamassassin.taint.org,spam
[NYT] Korea's Real Rage for Virtual Games,"Tue, 8 Oct 2002 18:19:49 -0700",zzzz@localhost.spamassassin.taint.org,ham
Re: [ILUG] adsl router modem combo,"Mon, 7 Oct 2002 10:35:39 +0100 (IST)",zzzz@localhost.spamassassin.taint.org,ham
[ILUG] Do NOT Drop your Life Insurance,"Wed, 11 Sep 2002 06:12:39 -0500",zzzz@localhost.spamassassin.taint.org,spam
[zzzzteana] Punch bags filled with incontinence pads,"Tue, 08 Oct 2002 15:48:40 +0100",zzzz@localhost.spamassassin.taint.org,ham
Re: The GOv gets tough on Net Users.....er Pirates..,"Mon, 26 Aug 2002 18:30:45 -0700",yyyy@localhost.netnoteinc.com,ham
RE: Gasp!,"Sun, 1 Sep 2002 16:59:24 -0700 (PDT)",yyyy@localhost.netnoteinc.com,ham
Competitive Mortgage Rates,"Sat, 24 Aug 2002 15:47:18 -0400",zzzz@localhost.spamassassin.taint.org,spam
Re: How unlucky can you get?,"Mon, 26 Aug 2002 16:28:55 -0700",yyyy@localhost.netnoteinc.com,ham
[ILUG] find the biggest file,"Tue, 27 Aug 2002 12:31:52 -0700 (PDT)",zzzz@localhost.netnoteinc.com,ham
Re: [ILUG] mini-itx,08 Oct 2002 14:36:33 +0100,zzzz@localhost.spamassassin.taint.org,ham
"BIZ, .INFO, .COM for only $14.95","Sun, 25 Aug 0102 03:37:45 +1100",zzzz@localhost.spamassassin.taint.org,spam
you don't satisfy me               FGTPRIL,"Tue, 17 Sep 2002 10:28:14 -1600",zzzz@localhost.spamassassin.taint.org,spam
MSNBC: Rates Hit 35 year Low 4.75% ...12021,"Mon, 09 Sep 2002 21:00:53 -1900",zzzz@localhost.spamassassin.taint.org,spam
Computational Recreations,26 Aug 2002 08:38:09 -0700,yyyy@localhost.netnoteinc.com,ham
[zzzzteana] Big cats 'on the increase',"Wed, 28 Aug 2002 13:47:35 +0100",zzzz@localhost.netnoteinc.com,ham
Penile enlargement method - guaranteed !,"Thu, 22 Aug 0102 12:07:35 +0800",zzzz@localhost.spamassassin.taint.org,spam
Re: [SAtalk] O.T. Habeus -- Why?,"Thu, 29 Aug 2002 08:32:08 -0700 (PDT)",zzzz@localhost.netnoteinc.com,ham
Welcome to OfferClub!,"Sat, 21 Sep 2002 23:40:27 -0400",zzzz@localhost.spamassassin.taint.org,spam
Re: Java is for kiddies,28 Aug 2002 15:06:39 -0400,yyyy@localhost.netnoteinc.com,ham
RE: Java is for kiddies,"Mon,  2 Sep 2002 11:54:55 +0200 (CEST)",zzzz@localhost.netnoteinc.com,ham
Play a Hilarious Phone Prank,"Thu, 29 Aug 2002 10:00:10 +0100",zzzz@localhost.spamassassin.taint.org,spam
Canadians,"Wed, 28 Aug 2002 07:22:13 -0300",zzzz@localhost.netnoteinc.com,ham
[ILUG] Earn 100.000$ in one year working at home,"Sun, 22 Sep 2002 22:02:32 +0200",zzzz@localhost.spamassassin.taint.org,spam
[ILUG] Re: Sun Solaris,"Thu, 22 Aug 2002 22:25:12 +0100",zzzz@localhost.netnoteinc.com,ham
Entrepreneurs,"Thu, 22 Aug 2002 22:58:34 +0200 (CEST)",zzzz@localhost.netnoteinc.com,ham
Re: [ILUG] Got me a crappy laptop,"Tue, 27 Aug 2002 19:26:50 +0100",zzzz@localhost.netnoteinc.com,ham
Re: Java is for kiddies,"Thu, 29 Aug 2002 11:24:39 +0100",yyyy@localhost.netnoteinc.com,ham
Re: Want to go on a date?,"Mon, 26 Aug 2002 00:16:25 +0800",zzzz@localhost.spamassassin.taint.org,spam
ADV:  Harvest lots of E-mail addresses quickly !,"Sun, 1 Sep 2002 08:29:20 +0800",zzzz@localhost.spamassassin.taint.org,spam
Wanna see me get fisted?,"Sat, 31 Aug 2002 22:50:43 -0400 (EDT)",zzzz@localhost.spamassassin.taint.org,spam
Double Your Life Insurance at NO EXTRA COST!...               TCTOOM,"Fri, 23 Aug 2002 03:30:23 -1900",zzzz@localhost.spamassassin.taint.org,spam
Iran Pushes UN Intervention Against US,"Tue, 08 Oct 2002 08:00:08 -0000",zzzz@localhost.spamassassin.taint.org,ham
Re: The case for spam,"Fri, 23 Aug 2002 16:10:39 -0400 (EDT)",yyyy@localhost.netnoteinc.com,ham
Re: The GOv gets tough on Net Users.....er Pirates..,"Sat, 24 Aug 2002 01:12:31 -0700 (PDT)",yyyy@localhost.netnoteinc.com,ham
Online Doctors will fill your Viagra Prescription Now!!!                QEEB,"Sun, 25 Aug 2002 21:21:51 -1900",zzzz@localhost.spamassassin.taint.org,spam
[ILUG-Social] Low Price Tobacco,"Sat, 21 Sep 2002 18:53:47 +0200",zzzz@localhost.spamassassin.taint.org,spam
YOUR ACCOUNT HAS BEEN CLOSED!,"Sat, 21 Sep 2002 21:57:46 -0700",zzzz@localhost.spamassassin.taint.org,spam
KVim 6.1.141,"Thu, 10 Oct 2002 04:22:48 +1300",zzzz@localhost.spamassassin.taint.org,ham
Re: Another low probability event,"Wed, 28 Aug 2002 18:18:53 -0700",yyyy@localhost.netnoteinc.com,ham
[ILUG] Damian Conway in Belfast...,"Mon, 2 Sep 2002 07:50:21 -0400",zzzz@localhost.netnoteinc.com,ham
I NEED AN URGENT CAPABLE ASSISTANCE.TEL:+225 05775748,"Sun, 8 Sep 2002 15:29:20 +0200 (CEST)",zzzz@localhost.spamassassin.taint.org,spam
[ILUG] Here is the information you requested,"Mon, 16 Sep 2002 19:44:00 -0400",zzzz@localhost.spamassassin.taint.org,spam
"Ack, apt-get still failing for me, stumped. [RH8]","Tue, 8 Oct 2002 20:01:49 -0400",zzzz@localhost.spamassassin.taint.org,ham
Re: Anolther sequence related traceback,"Mon, 26 Aug 2002 14:00:18 +0700",yyyy@localhost.netnoteinc.com,ham
[ILUG] please kindly get back to me,"Fri, 6 Sep 2002 10:04:50 +0200",zzzz@localhost.spamassassin.taint.org,spam
We Dare You to Find a Better Annuity,"Tue, 3 Sep 2002 19:20:07 -0400",zzzz@localhost.spamassassin.taint.org,spam
3 Cd Package: 300 Million Email Addresses + 1.5 Mil Fax Numbers $99.95,"Mon, 16 Sep 2002 11:19:40 -0700",zzzz@localhost.spamassassin.taint.org,spam
Definitely the answer many have been waiting for!!,"Thu, 19 Sep 2002 22:57:17 +0100",zzzz@localhost.spamassassin.taint.org,spam
people we know on the web,"Thu, 29 Aug 2002 17:07:35 +0100",zzzz@localhost.netnoteinc.com,ham
[ILUG] Re: This is NO JOKE! Speed up your CPU for under $30!,"Thu, 19 Sep 2002 10:38:16 -1600",zzzz@localhost.spamassassin.taint.org,spam
[zzzzteana] Bashing the bishop,"Tue, 08 Oct 2002 12:14:41 +0100",zzzz@localhost.spamassassin.taint.org,ham
Give Away FREE CD's - Earn $5K in 30 Days!,"Fri, 23 Aug 2002 04:30:48 +0900",zzzz@localhost.spamassassin.taint.org,spam
[ILUG] Marketing SIG has a good start :),"Mon, 2 Sep 2002 13:07:54 +0100",zzzz@localhost.netnoteinc.com,ham
Re: [zzzzteana] The tenth planet,"Mon, 07 Oct 2002 17:13:59 +0100",zzzz@localhost.spamassassin.taint.org,ham
The GOv gets tough on Net Users.....er Pirates..,"Fri, 23 Aug 2002 19:01:45 -0400 (EDT)",yyyy@localhost.netnoteinc.com,ham
RE: [ILUG] doolin,"Tue, 27 Aug 2002 21:38:40 +0100",zzzz@localhost.netnoteinc.com,ham
Re: Java is for kiddies,28 Aug 2002 10:35:27 -0700,yyyy@localhost.netnoteinc.com,ham
Lease Deal,"Thu, 19 Sep 2002 18:24:11 +0100",zzzz@localhost.spamassassin.taint.org,spam
Re: [ILUG] Using Normal IDE Device with a Dell Latitude CPx laptop,"Wed, 28 Aug 2002 09:11:21 +0100",zzzz@localhost.netnoteinc.com,ham
"Re: Rambus, Man","Thu, 29 Aug 2002 12:06:43 -0300",yyyy@localhost.netnoteinc.com,ham
A CRY FOR HELP,"Fri, 23 Aug 2002 10:08:40 -0700",zzzz@localhost.spamassassin.taint.org,spam
DON'T LET A COMPUTER VIRUS RUIN YOUR DAY!          12879,"Sun, 25 Aug 2002 13:50:11 -1600",zzzz@localhost.spamassassin.taint.org,spam
RE: Java is for kiddies,"Mon, 2 Sep 2002 00:37:39 -0700 (PDT)",zzzz@localhost.netnoteinc.com,ham
[SAdev] Interesting approach to Spam handling..,"Thu, 22 Aug 2002 16:19:48 +0200",zzzz@localhost.netnoteinc.com,ham
Don't get caught by rising interest rates.,"Tue, 17 Sep 2002 13:28:38 -0400",zzzz@localhost.spamassassin.taint.org,spam
Re: [ILUG] Interesting article on free software licences,"Mon, 7 Oct 2002 10:37:26 +0100",zzzz@localhost.spamassassin.taint.org,ham
"zzzz,All New! Breast Enhancement","Wed, 28 Aug 2002 05:16:42 +0800",zzzz@localhost.spamassassin.taint.org,spam
Not too old to put out!                   26792,"Thu, 19 Sep 2002 02:29:10 -1600",zzzz@localhost.spamassassin.taint.org,spam
[ILUG] [OT] Dell machine giving me hassle.,"Wed, 28 Aug 2002 09:29:19 +0100",zzzz@localhost.netnoteinc.com,ham
[ILUG] Hayes Accura ISDN PCI,"Wed, 28 Aug 2002 13:52:32 +0100",zzzz@localhost.netnoteinc.com,ham
Re: The Curse of India's Socialism,"Tue, 20 Aug 2002 15:01:36 -0700",yyyy@localhost.netnoteinc.com,ham
Re: CVS report,"Thu, 22 Aug 2002 12:49:41 -0500",yyyy@localhost.netnoteinc.com,ham
[zzzzteana] Man admits Soham kidnapping hoax calls,"Mon, 07 Oct 2002 13:22:03 +0100",zzzz@localhost.spamassassin.taint.org,ham
[ILUG] ASSISTANCE,"Tue, 17 Sep 2002 15:30:45 +0100",zzzz@localhost.spamassassin.taint.org,spam
Re: [ILUG] Using Normal IDE Device with a Dell Latitude CPx laptop,"Wed, 28 Aug 2002 09:31:55 +0100",zzzz@localhost.netnoteinc.com,ham
[ILUG] semaphores on linux RH7.3,"Fri, 6 Sep 2002 11:24:17 +0100 (BST)",zzzz@localhost.spamassassin.taint.org,ham
FW: Make Money Fast And Legal! As Seen on TV! 65000$+,"Sat, 31 Aug 2002 12:57:22 +0100",zzzz@localhost.spamassassin.taint.org,spam
Re: [ILUG] Formatting a windows partition from Linux,"Thu, 22 Aug 2002 20:58:07 +0100",zzzz@localhost.netnoteinc.com,ham
Re: ActiveBuddy,"Wed, 09 Oct 2002 10:35:55 +0530",zzzz@localhost.spamassassin.taint.org,ham
[ILUG-Social] urgent assistance,"Mon, 09 Sep 2002 23:16:35",zzzz@localhost.spamassassin.taint.org,spam
Pru Life's UL Portfolio Rocks,"Tue, 10 Sep 2002 18:52:25 -0400",zzzz@localhost.spamassassin.taint.org,spam
Re: The GOv gets tough on Net Users.....er Pirates..,"Sat, 24 Aug 2002 10:51:05 -0400 (EDT)",yyyy@localhost.netnoteinc.com,ham
Re: Java is for kiddies,"Sun, 1 Sep 2002 20:43:51 -0700",zzzz@localhost.netnoteinc.com,ham
"Never pay for porn again, YOUR FREE PAYSITE is here! 6277zwyL0-111bAgY1254IhZJ0-37-27","Sat, 14 Sep 2002 11:22:43 -0700",zzzz@localhost.spamassassin.taint.org,spam
My source: RE: A biblical digression,"Sun, 25 Aug 2002 10:17:46 -0700",yyyy@localhost.netnoteinc.com,ham
Best news yet,"Tue, 27 Aug 2002 05:19:21 -0100",zzzz@localhost.spamassassin.taint.org,spam
"zzzz, do we have your money?",19 Sep 2002 12:28:54 -0000,zzzz@localhost.spamassassin.taint.org,spam
Re: The GOv gets tough on Net Users.....er Pirates..,26 Aug 2002 12:39:29 -0700,yyyy@localhost.netnoteinc.com,ham
Wall Street's dirty little secret ...,"Sun, 08 Sep 2002 23:07:56 +1000",zzzz@localhost.spamassassin.taint.org,spam
MULTIPLY YOUR CUSTOMER BASE!,"Thu, 22 Aug 2002 13:18:16 -0500",zzzz@localhost.spamassassin.taint.org,spam
FW: [ILUG] Using Normal IDE Device with a Dell Latitude CPx lapto p,"Wed, 28 Aug 2002 09:36:39 +0100",zzzz@localhost.netnoteinc.com,ham
Teach and Grow Rich,"Wed, 28 Aug 2002 00:57:23 +0600",zzzz@localhost.spamassassin.taint.org,spam
Email Marketing,"Sun, 25 Aug 2002 17:17:12 -0400",zzzz@localhost.spamassassin.taint.org,spam
Re: [ILUG] find the biggest file,28 Aug 2002 10:14:34 +0100,zzzz@localhost.netnoteinc.com,ham
Re: [zzzzteana] Nothing like mama used to make,"Thu, 22 Aug 2002 15:01:20 +0100",zzzz@localhost.netnoteinc.com,ham
"$250,000 for only $6.50 per month.                    qkdjtqsscr","Mon, 26 Aug 2002 11:31:34 -0400",zzzz@localhost.spamassassin.taint.org,spam
RE: [ILUG] VPN implementation,"Mon, 2 Sep 2002 20:17:01 +0100",zzzz@localhost.spamassassin.taint.org,ham
Re: Entrepreneurs,"Sat, 24 Aug 2002 08:04:03 -0700",yyyy@localhost.netnoteinc.com,ham
=?iso-2022-jp?B?GyRCJDckOCRfJEgkYiRiJE4lMyVpJVwlbCE8JTclZyVzGyhK?=,Sat Sep  7 06:14:26 2002,freebsd-ports@freebsd.org,spam
Toners and inkjet cartridges for less....               NOAZ,"Wed, 28 Aug 2002 07:35:38 -1900",zzzz@localhost.spamassassin.taint.org,spam
Make Huge Profits on eBay                          951,"Sun, 08 Sep 2002 08:34:40 -0400",zzzz@localhost.spamassassin.taint.org,spam
[zzzzteana] Moscow bomber,"Thu, 22 Aug 2002 13:52:38 +0100",zzzz@localhost.netnoteinc.com,ham
"Friend,Instantly Copy ANY DVD or Playstation Game with this software......","Wed, 18 Sep 2002 11:43:02 PST",zzzz@localhost.spamassassin.taint.org,spam
private,"Sat, 21 Sep 02 05:01:06 Greenwich Standard Time",zzzz@localhost.spamassassin.taint.org,spam
Mothers you want to fuck,"Tue, 27 Aug 2002 15:53 -0400",zzzz@localhost.spamassassin.taint.org,spam
"!Gorgeous,Custom Websites - $399 Complete! (4156cumG9-855YQKc5@17)","Fri, 30 Aug 2002 19:26:08 -0400 (EDT)",zzzz@localhost.spamassassin.taint.org,spam
[scoop] ....It is not my fault. .- vwiid,"Mon, 23 Sep 2002 00:33:42 +0200",zzzz@localhost.spamassassin.taint.org,spam
ADV: Extended Auto Warranties Here hvgxs,"Wed, 18 Sep 2002 23:32:28 -0400",zzzz@localhost.spamassassin.taint.org,spam
Let me know what you think!32482,"Fri, 23 Aug 2002 04:30:44 -1900",zzzz@localhost.spamassassin.taint.org,spam
University Diplomas,"Wed, 11 Sep 2002 09:41:51 -1900",zzzz@localhost.spamassassin.taint.org,spam
Lord of the Ringtones: Arbocks vs. Seelecks,"Tue, 8 Oct 2002 19:29:41 -0700",zzzz@localhost.spamassassin.taint.org,ham
A marketplace where lenders compete for your business LFHLXHU,"Thu, 05 Sep 2002 13:10:16 -0700",zzzz@localhost.spamassassin.taint.org,spam
UCI Creative Writing,"Mon, 26 Aug 2002 07:43:03 -0700",yyyy@localhost.netnoteinc.com,ham
Re: The MIME information you requested (last changed 3154 Feb 14),"Tue, 27 Aug 2002 11:04:20 +0100",yyyy@localhost.netnoteinc.com,ham
latest php upgrade in 7.3,"Thu, 22 Aug 2002 16:10:38 -0700",yyyy@localhost.netnoteinc.com,ham
package my stuff please :P,"Mon, 02 Sep 2002 01:10:33 +0000",zzzz@localhost.netnoteinc.com,ham
Geneticists and a tiny worm win Nobel prize,"Tue, 08 Oct 2002 08:01:22 -0000",zzzz@localhost.spamassassin.taint.org,ham
Re: The GOv gets tough on Net Users.....er Pirates..,"Wed, 28 Aug 2002 18:51:32 +0200 (CEST)",yyyy@localhost.netnoteinc.com,ham
RE: Java is for kiddies,"Mon, 2 Sep 2002 16:19:13 -0700 (PDT)",yyyy@localhost.spamassassin.taint.org,ham
Attn: SYSTEMWORKS CLEARANCE SALE_ONLY $29.99                         12173,"Wed, 21 Aug 2002 21:28:57 -1600",zzzz@localhost.spamassassin.taint.org,spam
"Re: ""Ouch. Ouch. Ouch. Ouch. Ouch....""(was Re: My brain hurts)","Mon, 26 Aug 2002 09:56:55 -0700",yyyy@localhost.netnoteinc.com,ham
=?iso-2022-jp?B?GyRCJDckOCRfJEgkYiRiJE4lMyVpJVwlbCE8JTclZyVzGyhK?=,Mon Sep  9 16:18:29 2002,freebsd-bugs@freebsd.org,spam
Re: [zzzzteana] The Cafe Forteana is back online!!!,"Mon, 7 Oct 2002 23:11:08 -0500",zzzz@localhost.spamassassin.taint.org,ham
RE: Java is for kiddies,"Mon, 2 Sep 2002 11:48:36 -0700",yyyy@localhost.spamassassin.taint.org,ham
RE: [ILUG] [OT] Dell machine giving me hassle.,"Wed, 28 Aug 2002 09:59:21 +0100",zzzz@localhost.netnoteinc.com,ham
[ILUG] Seeking Your Partnership,"Tue, 10 Sep 2002 16:17:30 +0200",zzzz@localhost.spamassassin.taint.org,spam
[zzzzteana] Fw: [nessie] New Nessie Pics,"Thu, 29 Aug 2002 18:00:08 +0100",zzzz@localhost.netnoteinc.com,ham
"Last time you spent $25 did u make $100,000,s? Well this time you will. wju","Thu, 19 Sep 2002 02:14:46 +1000",zzzz@localhost.spamassassin.taint.org,spam
EIN News - FREE Trial,"Wed,  4 Sep 2002 16:51:20 +0200 (CEST)",zzzz@localhost.spamassassin.taint.org,spam
Take Advantage of Viral Marketing,"Thu, 29 Aug 2002 13:24:26 +1100",zzzz@localhost.spamassassin.taint.org,spam
.Message report from your contact page....//ytu855 rkq,"Thu, 12 Sep 2002 04:10:10 +0200",zzzz@localhost.spamassassin.taint.org,spam
Save $30k even if you've refi'd           1090,"Tue, 27 Aug 2002 23:34:28 -1900",zzzz@localhost.spamassassin.taint.org,spam
Re: [zzzzteana] The new Steve Earle,"Wed, 28 Aug 2002 11:24:30 +0100",zzzz@localhost.netnoteinc.com,ham
Teach and Grow Rich,"Tue, 17 Sep 0102 16:06:15 -1100",zzzz@localhost.spamassassin.taint.org,spam
eBay PowerSeller Secrets                         6826,"Sat, 14 Sep 2002 08:19:51 -0400",zzzz@localhost.spamassassin.taint.org,spam
Re: [scoop] Scoop MS Word .doc file into something that plucker or other Palm app can display?,30 Aug 2002 08:50:38 -0500,zzzz@localhost.netnoteinc.com,ham
A better investment than the stock market.,"Mon, 02 Sep 2002 02:56:26 -0500",zzzz@localhost.spamassassin.taint.org,spam
Industry Forum #136,"Fri, 06 Sep 2002 11:12:45",zzzz@localhost.spamassassin.taint.org,spam
[ILUG] Join the Web's Fastest Growing Singles Community 11.67,"Fri, 23 Aug 2002 04:10:14 -0600",zzzz@localhost.spamassassin.taint.org,spam
Z-app the Competition with Roster,"Mon, 2 Sep 2002 18:07:20 -0400",zzzz@localhost.spamassassin.taint.org,spam
GET IN AT THE TOP!,"Fri, 23 Aug 2002 19:27:52",zzzz@localhost.spamassassin.taint.org,spam
Free big cock in Pussy,"Sat, 24 Aug 2002 13:46:11 -0400",zzzz@localhost.spamassassin.taint.org,spam
[ILUG] Flat rate is back lads!,"Fri, 6 Sep 2002 09:22:32 +0100",zzzz@localhost.spamassassin.taint.org,ham
New Insurance Product - No Competition,"Fri, 30 Aug 2002 14:15:32 -0400",zzzz@localhost.spamassassin.taint.org,spam
"Up to $1,500.00 Part time                         22311","Fri, 30 Aug 2002 15:39:23 -1600",zzzz@localhost.spamassassin.taint.org,spam
RE: [ILUG] What HOWTOs for SOHO system,"Mon, 2 Sep 2002 11:46:57 +0100",zzzz@localhost.netnoteinc.com,ham
Newsletter Coach'Invest - Septembre 2002,Tue Sep  3 15:33:27 2002,freebsd-stable@freebsd.org,spam
[zzzzteana] That wacky imam,"Wed, 28 Aug 2002 09:33:47 +0100",zzzz@localhost.netnoteinc.com,ham
"Adv: Mortgage Quotes Fast Online, No Cost","Sun, 22 Sep 2002 05:40:10 -0400 (EDT)",zzzz@localhost.spamassassin.taint.org,spam
FREE HGH - Look 10 Years Younger in 3 Weeks!!!     HMUPRZD,"Mon, 26 Aug 2002 10:44:19 -1900",zzzz@localhost.spamassassin.taint.org,spam
Re: Apt repository authentication: it's time,"Wed, 9 Oct 2002 11:03:11 +0200",zzzz@localhost.spamassassin.taint.org,ham
[zzzzteana] Lioness adopts fifth antelope,"Tue, 08 Oct 2002 12:18:52 +0100",zzzz@localhost.spamassassin.taint.org,ham
Re: The case for spam,"Thu, 22 Aug 2002 18:25:48 -0300",yyyy@localhost.netnoteinc.com,ham
Incredible Pictures!!!!!!!!,"Fri, 23 Aug 2002 13:03:04 -0400",zzzz@localhost.spamassassin.taint.org,spam
Re: [zzzzteana] Fortean Times Online,"Mon, 7 Oct 2002 22:47:10 -0500",zzzz@localhost.spamassassin.taint.org,ham
Re: Entrepreneurs,"Fri, 23 Aug 2002 10:44:35 +0200 (CEST)",zzzz@localhost.netnoteinc.com,ham
Re: Entrepreneurs,"Fri, 23 Aug 2002 11:40:46 -0400 (EDT)",yyyy@localhost.netnoteinc.com,ham
Have tax problems?,2002/09/14 Sat 02:29:32 CDT,zzzz@localhost.spamassassin.taint.org,spam
Another low probability event,"Wed, 28 Aug 2002 10:40:28 -0700",yyyy@localhost.netnoteinc.com,ham
"Best Life Insurance, Lowest Cost...           NTICY","Sat, 24 Aug 2002 01:10:39 -1900",zzzz@localhost.spamassassin.taint.org,spam
Collect Your Money! Time:1:30:33 AM,"Fri, 20 Sep 2002 01:30:33",zzzz@localhost.spamassassin.taint.org,spam
xine src packge still gives errors,"Tue, 08 Oct 2002 09:30:10 +0200",zzzz@localhost.spamassassin.taint.org,ham
RE: Java is for kiddies,"Mon, 02 Sep 2002 06:44:25 +0000",zzzz@localhost.netnoteinc.com,ham
Bush Covers the Waterfront,"Tue, 08 Oct 2002 09:21:18 -0400",zzzz@localhost.spamassassin.taint.org,ham
[zzzzteana] FW: please give generously,"Tue, 8 Oct 2002 14:20:39 +0100",zzzz@localhost.spamassassin.taint.org,ham
Re: lifegem,"Thu, 22 Aug 2002 16:30:07 -0300",zzzz@localhost.netnoteinc.com,ham
ADV: Extended Auto Warranties Here                                                    undoc,"Sat, 24 Aug 2002 17:38:20 -0400",zzzz@localhost.spamassassin.taint.org,spam
Re: [zzzzteana] FWD [fort] Evidence Britons Were In The US In The6th Century,"Wed, 28 Aug 2002 11:15:49 +0100",zzzz@localhost.netnoteinc.com,ham
"Re: [zzzzteana] Save the planet, kill the people","Fri, 06 Sep 2002 11:21:48 +0100",zzzz@localhost.spamassassin.taint.org,ham
fwd:  NORTON SYSTEMWORKS CLEARANCE SALE!,"Tue, 17 Sep 2002 14:50:08 -0500",zzzz@localhost.spamassassin.taint.org,spam
FREE WebBook Publishing Software - Download NOW!,"Wed, 18 Sep 2002 18:04:28 -1000",zzzz@localhost.spamassassin.taint.org,spam
Teach a man to fish,"Tue, 08 Oct 2002 08:00:04 -0000",zzzz@localhost.spamassassin.taint.org,ham
re:  SYSTEMWORKS CLEARANCE SALE_ONLY $29.99 0989sqJ-7,"Tue, 10 Sep 0102 19:03:14 +1200",zzzz@localhost.spamassassin.taint.org,spam
How unlucky can you get?,"Mon, 26 Aug 2002 11:28:11 -0700",yyyy@localhost.netnoteinc.com,ham
1987 copy of Nintendo zine going for $700 on eBay,"Tue, 08 Oct 2002 08:00:28 -0000",zzzz@localhost.spamassassin.taint.org,ham
Discount Smokes,"Fri, 23 Aug 2002 21:23:46 +0200",zzzz@localhost.spamassassin.taint.org,spam
[zzzzteana] Playboy wants to go out with a bang,"Thu, 22 Aug 2002 14:54:25 +0100",zzzz@localhost.netnoteinc.com,ham
Introducing HGH: The Most Powerful Anti-Obesity Drug Ever,"Wed, 18 Sep 2002 15:18:43 +0800",zzzz@localhost.spamassassin.taint.org,spam
Re:[1]Save over $70 on this exquisite software suite. FTS,"Thu, 19 Sep 2002 11:35:19 -1600",zzzz@localhost.spamassassin.taint.org,spam
GPL limits put to a test,"Fri, 23 Aug 2002 18:33:37 -0400 (EDT)",yyyy@localhost.netnoteinc.com,ham
Tell these cam sluts what to do,"Fri, 30 Aug 2002 01:10:24 +0100",zzzz@localhost.spamassassin.taint.org,spam
"Re: ""Ouch. Ouch. Ouch. Ouch. Ouch....""(was Re: My brain hurts)","Sat, 24 Aug 2002 11:45:18 -0400",yyyy@localhost.netnoteinc.com,ham
New Solar System body revealed,"Tue, 08 Oct 2002 08:01:21 -0000",zzzz@localhost.spamassassin.taint.org,ham
[zzzzteana] Plumstead Panther - Pictures!,"Tue, 08 Oct 2002 15:45:28 +0100",zzzz@localhost.spamassassin.taint.org,ham
[zzzzteana] Betamax finally laid to rest,"Wed, 28 Aug 2002 13:54:36 +0100",zzzz@localhost.netnoteinc.com,ham
Re: [ILUG] [OT] Dell machine giving me hassle.,"Wed, 28 Aug 2002 10:28:59 +0100 (IST)",zzzz@localhost.netnoteinc.com,ham
Better Sex for $2.99 until 08/26/2002 !!!!,25 Aug 2002 04:58:17 -0000,zzzz@localhost.spamassassin.taint.org,spam
Re: Java is for kiddies,"Mon, 2 Sep 2002 14:00:04 -0700",yyyy@localhost.spamassassin.taint.org,ham
Re: [zzzzteana] Good ISP for Mac?,"Mon, 7 Oct 2002 22:55:05 -0500",zzzz@localhost.spamassassin.taint.org,ham
Re: Java is for kiddies,"Mon, 2 Sep 2002 03:19:13 -0400",yyyy@localhost.netnoteinc.com,ham
[ILUG-Social] re: Guaranteed to lose 10-12 lbs in 30 days 10.148,"Thu, 22 Aug 2002 09:33:07 -0600",zzzz@localhost.spamassassin.taint.org,spam
CAREER OPPORTUNITY.  WORK FROM HOME,"Wed, 28 Aug 2002 03:04:00 +0100",zzzz@localhost.spamassassin.taint.org,spam
Hgh: safe and effective release of your own growth hormone!30543,"Thu, 19 Sep 2002 21:45:31 -0500",zzzz@localhost.spamassassin.taint.org,spam
Join the Web's Fastest Growing Singles Community                       14.51,"Fri, 23 Aug 2002 04:12:39 -0600",zzzz@localhost.spamassassin.taint.org,spam
Re: Entrepreneurs,"Thu, 22 Aug 2002 21:44:23 -0400",zzzz@localhost.netnoteinc.com,ham
Take your Marketing to the Next Level,"Mon, 26 Aug 2002 19:24:06 +0100",zzzz@localhost.spamassassin.taint.org,spam
Re: [ILUG] Retrieving read mail from webmail.eircom.net via POP ?,07 Oct 2002 10:27:03 +0100,zzzz@localhost.spamassassin.taint.org,ham
Re: DataPower announces XML-in-silicon,"Wed, 28 Aug 2002 09:39:52 -0400",yyyy@localhost.netnoteinc.com,ham
[IIU] Viruses and Bounced Mail,"Thu, 29 Aug 2002 18:04:41 +0100",zzzz@localhost.netnoteinc.com,ham
Origins of Software Engineering,"Tue, 8 Oct 2002 13:53:58 -0700",zzzz@localhost.spamassassin.taint.org,ham
ADV: Internet marketing & communications; earn $100k/year... uleio,"Sun, 25 Aug 2002 09:36:45 +0800",zzzz@localhost.spamassassin.taint.org,spam
Please help Home Entertainment Companies with Survey - Win a DVR!,06 Sep 2002 01:52:08 +0530,zzzz@localhost.spamassassin.taint.org,spam
[zzzzteana] Lincs lizard,"Wed, 28 Aug 2002 13:01:34 +0100",zzzz@localhost.netnoteinc.com,ham
RE: [ILUG] [OT] Dell machine giving me hassle.,"Wed, 28 Aug 2002 09:56:41 +0100",zzzz@localhost.netnoteinc.com,ham
"Fw: VIRUS PROTECTION IS A MUST, YOU NEED SYSTEMWORKS! CPTJ","Sat, 31 Aug 2002 14:52:09 -1600",zzzz@localhost.spamassassin.taint.org,spam
Re: Entrepreneurs,26 Aug 2002 15:02:54 -0700,yyyy@localhost.netnoteinc.com,ham
Re: [ILUG] Sun Solaris..,"Thu, 22 Aug 2002 19:11:19 +0100",zzzz@localhost.netnoteinc.com,ham
[WM] greencard 2004 çekiliþini kaçýrmayýn,"Sat, 21 Sep 2002 15:28:32 +0300",zzzz@localhost.spamassassin.taint.org,spam
Re: Java is for kiddies,"Wed, 28 Aug 2002 18:59:37 +0200 (CEST)",yyyy@localhost.netnoteinc.com,ham
RE: Gecko adhesion finally sussed.,"Wed, 28 Aug 2002 13:43:03 -0400",yyyy@localhost.netnoteinc.com,ham
Re: [ILUG] Looking for a file / directory in zip file,"Thu, 29 Aug 2002 16:41:14 +0100",zzzz@localhost.netnoteinc.com,ham
Re: The Curse of India's Socialism,26 Aug 2002 14:18:57 -0700,yyyy@localhost.netnoteinc.com,ham
English Well for you?,"Wed, 18 Sep 2002 07:49:52 +0200 (CEST)",zzzz@localhost.spamassassin.taint.org,spam
[ILUG] From the desk of : George Osawa,"Fri, 6 Sep 2002 10:28:15 +0100",zzzz@localhost.spamassassin.taint.org,spam
60 minute free porn movie,"Mon, 26 Aug 2002 22:18:15 -0400",zzzz@localhost.spamassassin.taint.org,spam
Re: A biblical digression,"Tue, 27 Aug 2002 01:40:02 +0200 (CEST)",yyyy@localhost.netnoteinc.com,ham
Re: RedHat 8.0 and his own freetype,"Wed, 9 Oct 2002 08:00:49 +0200",zzzz@localhost.spamassassin.taint.org,ham
[zzzzteana] Which Muppet Are You?,"Thu, 22 Aug 2002 16:17:39 -0000",zzzz@localhost.netnoteinc.com,ham
"Approved Online, Internet, Buy Viagra              SJHFL","Fri, 30 Aug 2002 22:07:14 -0700",zzzz@localhost.spamassassin.taint.org,spam
Slim Factors - A totally new approach to weight loss,"Thu, 19 Sep 2002 10:15:08 -0400",zzzz@localhost.spamassassin.taint.org,spam
Re: [ILUG] Seconds to date?,"Mon, 2 Sep 2002 08:30:57 +0100",zzzz@localhost.netnoteinc.com,ham
Tiny DNS Swap,"Fri, 30 Aug 2002 11:25:31 -0400",zzzz@localhost.netnoteinc.com,ham
Save now,"Sun, 25 Aug 2002 19:21:44 01800",zzzz@localhost.spamassassin.taint.org,spam
Re: Apt repository authentication: it's time,"Wed, 9 Oct 2002 04:27:34 -0500",zzzz@localhost.spamassassin.taint.org,ham
TEEN LESBIAN WEBSITE,"Sat, 24 Aug 2002 19:00:09 -0400",zzzz@localhost.spamassassin.taint.org,spam
[zzzzteana] White Horse vandalised,"Wed, 28 Aug 2002 09:39:20 +0100",zzzz@localhost.netnoteinc.com,ham
[ILUG] IMPORTANT.,"Wed, 28 Aug 2002 11:57:10 -1200",zzzz@localhost.spamassassin.taint.org,spam
Plans for cable,"Mon, 26 Aug 2002 16:26:01 -1700",zzzz@localhost.spamassassin.taint.org,spam
Patch to enable/disable log,"Wed, 28 Aug 2002 17:44:28 +0700",zzzz@localhost.netnoteinc.com,ham
The DEBT-$AVER Program              SKYXTGM,"Fri, 23 Aug 2002 09:35:58 -0700",zzzz@localhost.spamassassin.taint.org,spam
[ILUG] Discount Fags,"Sat, 24 Aug 2002 14:54:43 +0200",zzzz@localhost.spamassassin.taint.org,spam
RE: sprint delivers the next big thing??,"Tue, 20 Aug 2002 23:36:13 -0700",yyyy@localhost.netnoteinc.com,ham
Enlightenment,"Mon, 26 Aug 2002 07:25:30 -0700",yyyy@localhost.netnoteinc.com,ham
Re: Hi,"Sat, 24 Aug 2002 12:29:47 -0400",zzzz@localhost.spamassassin.taint.org,spam
"zzzz,All New! Breast Enhancement","Tue, 27 Aug 2002 03:31:32 +0800",zzzz@localhost.spamassassin.taint.org,spam
[zzzzteana] re: Steam,"Wed, 28 Aug 2002 09:17:20 +0000",zzzz@localhost.netnoteinc.com,ham
Looking for property in SPAIN?,"Thu, 12 Sep 2002 13:24:51 +0200",zzzz@localhost.spamassassin.taint.org,spam
"Re: ""Holiday Season"" 2002 begins","Wed, 28 Aug 2002 21:00:33 -0700",yyyy@localhost.netnoteinc.com,ham
Re: why is decentralization worth worrying about?,"Tue, 08 Oct 2002 06:08:05 -0700",zzzz@localhost.spamassassin.taint.org,ham
Re: [ILUG] modem problems,"Thu, 5 Sep 2002 19:14:45 -0700",zzzz@localhost.spamassassin.taint.org,ham
Guaranteed to lose 10-12 lbs in 30 days with Slim Patch                    10.24,"Tue, 27 Aug 2002 12:48:30 -0600",zzzz@localhost.spamassassin.taint.org,spam
Still looking for a house?,Sat Sep 14 13:26:41 2002,freebsd-ports@freebsd.org,spam
Re: The case for spam,"Fri, 23 Aug 2002 16:33:15 -0400 (EDT)",yyyy@localhost.netnoteinc.com,ham
Let us find the right mortgage lender for you      AFPE,"Mon, 09 Sep 2002 14:36:18 -0700",zzzz@localhost.spamassassin.taint.org,spam
RE: Your Bank Account Information,"Thu, 22 Aug 2002 10:42:19 -0500",zzzz@localhost.spamassassin.taint.org,spam
Re: [ILUG] rpm dependencies,"Mon, 7 Oct 2002 09:30:01 +0100",zzzz@localhost.spamassassin.taint.org,ham
Re: [zzzzteana] Re: Megalithomania UnPissup,"Mon, 7 Oct 2002 06:54:11 -0500",zzzz@localhost.spamassassin.taint.org,ham
A biblical digression,"Sat, 24 Aug 2002 11:07:00 -0700",yyyy@localhost.netnoteinc.com,ham
Re: [ILUG] Serial number in hosts file,"Mon, 2 Sep 2002 11:57:16 +0100",zzzz@localhost.netnoteinc.com,ham
wives and girlfriends cheating and whoring around,22 Aug 2002 08:28:38 -0000,zzzz@localhost.spamassassin.taint.org,spam
[ILUG] What HOWTOs for SOHO system,"Mon, 2 Sep 2002 11:45:50 +0100",zzzz@localhost.netnoteinc.com,ham
Chicago Meeting Site,"Tue, 27 Aug 2002 23:55:13 +0100",zzzz@localhost.spamassassin.taint.org,spam
[ILUG] HELLO,"Wed, 18 Sep 2002 01:11:54",zzzz@localhost.spamassassin.taint.org,spam
Expand Your business with our Money!,"Wed, 18 Sep 0102 23:32:17 +0500",zzzz@localhost.spamassassin.taint.org,spam
"How many ""inches"" do you need to satisfy a woman in bed?","Wed, 21 Aug 2002 03:26:54 -0500",zzzz@localhost.spamassassin.taint.org,spam
ADV: Extended Auto Warranties Here                                                   dhzbj,"Mon, 26 Aug 2002 14:23:56 -0400",zzzz@localhost.spamassassin.taint.org,spam
Re: Your VIP Pass,"Mon, 26 Aug 2002 13:38:57 -0700",zzzz@localhost.spamassassin.taint.org,spam
Re: [SAdev] Live Rule Updates after Release ???,"Thu, 22 Aug 2002 08:14:12 -0700",zzzz@localhost.netnoteinc.com,ham
Have You Dreamed Of Your Own Home Based Business?       eIExvv,"Sat, 3 Aug 2002 12:19:15 -0700",zzzz-spamtrap@sonic.spamtraps.taint.org,spam
Re: Entrepreneurs,"Fri, 23 Aug 2002 01:11:02 -0700",zzzz@localhost.netnoteinc.com,ham
Re: [ILUG] Newbie seeks advice - Suse 7.2,"Fri, 23 Aug 2002 08:25:01 +0100",zzzz@localhost.netnoteinc.com,ham
[ILUG] cups question,"Tue, 8 Oct 2002 14:27:40 +0100",zzzz@localhost.spamassassin.taint.org,ham
NEED TO FIND SOMETHING?,"Mon, 16 Sep 2002 01:25:29 -1900",zzzz@localhost.spamassassin.taint.org,spam
Customized Warez CDs,"Fri, 06 Sep 2002 05:28:13 -0800",zzzz@localhost.spamassassin.taint.org,spam
Get the Child Support You Deserve                            11.180,"Thu, 22 Aug 2002 15:09:11 -0600",zzzz@localhost.spamassassin.taint.org,spam
"[zzzzteana] Height, weight, girth, etc","Wed, 28 Aug 2002 09:28:35 +0100",zzzz@localhost.netnoteinc.com,ham
Content-Type: text/html; charset=us-ascii,"Tue, 27 Aug 2002 22:06:34 +0100",zzzz@localhost.spamassassin.taint.org,spam
I just put my webcam on 4u hunnie=),"Wed, 28 Aug 2002 10:02:37 -0700",zzzz@localhost.spamassassin.taint.org,spam
[zzzzteana] Cambodian Buddhaas unearthed,"Wed, 28 Aug 2002 09:24:34 +0100",zzzz@localhost.netnoteinc.com,ham
Did I give you the money yet?          DLRA,"Wed, 11 Sep 2002 03:45:43 -0700",zzzz@localhost.spamassassin.taint.org,spam
FREE Health Insurance Quotes,"Fri, 20 Sep 2002 02:50:56 -0700",zzzz@localhost.spamassassin.taint.org,spam
Re: The absurdities of life.,"Tue, 8 Oct 2002 15:26:28 -0400",zzzz@localhost.spamassassin.taint.org,ham
[ILUG-Social] Lose 22.5lbs in 3 weeks!,"Fri, 20 Sep 2002 09:58:19 GMT",zzzz@localhost.spamassassin.taint.org,spam
"New, easy to use web conferencing software","Wed, 28 Aug 2002 20:15:37 -1900",zzzz@localhost.spamassassin.taint.org,spam
[IIU] Eircom aDSL Nat'ing,"Thu, 22 Aug 2002 16:58:37 +0100",zzzz@localhost.netnoteinc.com,ham
[IRR] Klez: The Virus That  Won't Die,"Thu, 22 Aug 2002 09:15:25 -0400",zzzz@localhost.netnoteinc.com,ham
Re: The GOv gets tough on Net Users.....er Pirates..,"Mon, 26 Aug 2002 18:09:28 -0700 (PDT)",yyyy@localhost.netnoteinc.com,ham
Re: The absurdities of life.,"Tue, 8 Oct 2002 15:25:13 -0400",zzzz@localhost.spamassassin.taint.org,ham
The TBA Doctor Walks the Walk on Diabetes,"Thu, 29 Aug 2002 18:53:43 -0400",zzzz@localhost.spamassassin.taint.org,spam
"FORTUNE 500 COMPANY HIRING, AT HOME REPS.","Sat, 24 Aug 2002 13:46:59 -0400 (EDT)",zzzz@localhost.spamassassin.taint.org,spam
"Re: Rambus, Man","Mon, 26 Aug 2002 20:13:53 -0700 (PDT)",yyyy@localhost.netnoteinc.com,ham
Immediate Reply Needed,"Sat, 24 Aug 2002 20:18:02 -0700",zzzz@localhost.spamassassin.taint.org,spam
A CRY FOR HELP,"Fri, 23 Aug 2002 10:15:51 -0700",zzzz@localhost.spamassassin.taint.org,spam
[WM] GREEN CARD CEKÝLÝSÝ  KACIRMAYIN,"Sat, 7 Sep 2002 16:28:40 -0700",zzzz@localhost.spamassassin.taint.org,spam
May I have a moment of your Time PLEASE,"Tue, 17 Sep 2002 05:40:44 -0400",zzzz@localhost.spamassassin.taint.org,spam
Re: the underground software vulnerability marketplace and its,"Thu, 22 Aug 2002 10:08:09 -0400",yyyy@localhost.netnoteinc.com,ham
"zzzz, Is Your web Site Making Money! 2:18:15 PM 8/25/2002","Sun, 25 Aug 2002 14:18:15 -0500",zzzz@localhost.spamassassin.taint.org,spam
[SAtalk] SA CGI Configurator Scripts,"Thu, 22 Aug 2002 10:16:36 -0400",zzzz@localhost.netnoteinc.com,ham
Re: [ILUG] Newby to Linux looking for information on cvs,"Fri, 6 Sep 2002 01:30:55 +0100",zzzz@localhost.spamassassin.taint.org,ham
Re: [ILUG] Sun Solaris..,"Thu, 22 Aug 2002 17:42:26 +0100",zzzz@localhost.netnoteinc.com,ham
Re: [ILUG] Newbie seeks advice - Suse 7.2,"Wed, 28 Aug 2002 10:48:13 +0100",zzzz@localhost.netnoteinc.com,ham
[ILUG-Social] Everybody Gets Paid - No Recruiting Needed,"Thu, 29 Aug 2002 06:25:48 -0500",zzzz@localhost.spamassassin.taint.org,spam
[ILUG-Social] Best Replica Goods - Best Prices,"Sat, 14 Sep 2002 20:13:12 +0100",zzzz@localhost.spamassassin.taint.org,spam
"[ILUG] $4,000/Month with your PC ! NO SPAM ! PLEASE READ !","Sun, 22 Sep 2002 01:54:09 +0530",zzzz@localhost.spamassassin.taint.org,spam
Behind Every Elite Producer...,"Thu, 5 Sep 2002 19:35:13 -0400",zzzz@localhost.spamassassin.taint.org,spam
Gecko adhesion finally sussed.,"Tue, 27 Aug 2002 01:24:00 -0400",yyyy@localhost.netnoteinc.com,ham
Re: This Weekend,"Thu, 12 Sep 2002 01:49:52 -0900",zzzz@localhost.spamassassin.taint.org,spam
Re: [ILUG] converting strings of hex to ascii,"Tue, 27 Aug 2002 21:32:26 +0100 (IST)",zzzz@localhost.netnoteinc.com,ham
Re: [zzzzteana] Re: That wacky imam,"Wed, 28 Aug 2002 14:14:45 +0100",zzzz@localhost.netnoteinc.com,ham
Re: [ILUG] Email list management howto,"Mon, 02 Sep 2002 12:00:39 +0100",zzzz@localhost.netnoteinc.com,ham
The Best Critical Illness Policy on the Market,"Tue, 27 Aug 2002 19:04:28 -0400",zzzz@localhost.spamassassin.taint.org,spam
Re: Java is for kiddies,28 Aug 2002 21:52:11 -0400,yyyy@localhost.netnoteinc.com,ham
Sometimes Less is More...,"Wed, 28 Aug 2002 19:05:41 -0400",zzzz@localhost.spamassassin.taint.org,spam
Re: Zoot apt/openssh & new DVD playing doc,08 Oct 2002 23:27:10 -0400,zzzz@localhost.spamassassin.taint.org,ham
Re: [zzzzteana] That wacky imam,"Wed, 28 Aug 2002 09:51:47 +0100",zzzz@localhost.netnoteinc.com,ham
"Earn $139,000 a year as a DAY TRADER!","Mon, 09 Sep 2002 17:45:22 -0000",zzzz@localhost.spamassassin.taint.org,spam
Re: latest php upgrade in 7.3,23 Aug 2002 03:50:09 -0400,yyyy@localhost.netnoteinc.com,ham
[zzzzteana] Uncle Mark seeks parole,"Tue, 08 Oct 2002 12:10:07 +0100",zzzz@localhost.spamassassin.taint.org,ham
Re: [vox] GPL limits put to a test,"Fri, 23 Aug 2002 19:42:44 -0400 (EDT)",yyyy@localhost.netnoteinc.com,ham
Get out of debt quick!                                        4179uKlj5-057SXua1524UHkC5-900-28,"Sun, 25 Aug 0102 10:36:36 -1000",zzzz@localhost.spamassassin.taint.org,spam
Low cost quality conference calls,"Sun, 15 Sep 2002 06:55:37 -1900",zzzz@localhost.spamassassin.taint.org,spam
Re: Zoot apt/openssh & new DVD playing doc,"Tue, 8 Oct 2002 23:42:14 +0300",zzzz@localhost.spamassassin.taint.org,ham
alsa-driver rebuild fails with undeclared USB symbol,"Fri, 30 Aug 2002 19:56:47 -0700",zzzz@localhost.netnoteinc.com,ham
Join the Web's Hottest & Fastest Growing Community                     11.70,"Tue, 27 Aug 2002 05:13:34 -0600",zzzz@localhost.spamassassin.taint.org,spam
Re: [SAtalk] Re: patent on TMDA-like system,"Wed, 28 Aug 2002 06:23:09 +0200 (CEST)",zzzz@localhost.netnoteinc.com,ham
Re: [ILUG] Modem question,"Tue, 8 Oct 2002 12:06:33 -0700",zzzz@localhost.spamassassin.taint.org,ham
[ILUG] Modem Problems,"Wed, 28 Aug 2002 14:09:48 +0100",zzzz@localhost.netnoteinc.com,ham
[ILUG] The Age Old 'Which Mailer' Question,"Mon, 2 Sep 2002 11:35:53 +0100",zzzz@localhost.netnoteinc.com,ham
Funds Investment,"Fri, 20 Sep 2002 12:15:37 GMT+1",zzzz@localhost.spamassassin.taint.org,spam
Re: [zzzzteana] Re: Megalithomania UnPissup,"Mon, 7 Oct 2002 07:01:53 -0500",zzzz@localhost.spamassassin.taint.org,ham
[zzzzteana] Re: Latest Iraq-related news,"Mon, 07 Oct 2002 22:29:21 -0000",zzzz@localhost.spamassassin.taint.org,ham
Custom Warez CDs,"Wed, 11 Sep 2002 11:55:28 -0700",zzzz@localhost.spamassassin.taint.org,spam
Re: Apt repository authentication: it's time,"Wed, 9 Oct 2002 10:28:23 +0200",zzzz@localhost.spamassassin.taint.org,ham
[zzzzteana] Re: Cincinnati Group Wants To Stamp Out Hotel Sex Movies,"Thu, 5 Sep 2002 16:50:38 -0500",zzzz@localhost.spamassassin.taint.org,ham
Re: New Sequences Window,"Thu, 22 Aug 2002 18:26:25 +0700",zzzz@localhost.netnoteinc.com,ham
Have you planned for your family's future?         ZBM,"Sun, 22 Sep 2002 16:33:38 -0700",zzzz@localhost.spamassassin.taint.org,spam
URGENT BUSINESS ASSISTANCE.,"Mon, 2 Sep 2002 14:11:45 +0200 (CEST)",zzzz@localhost.spamassassin.taint.org,spam
First Time Generic V*agra under $3 per 50mg,22 Sep 02 15:51:31 -0000,zzzz@localhost.spamassassin.taint.org,spam
WebDesignHQ Newsletter,"Fri, 23 Aug 2002 21:24:39 -0400 (EDT)",zzzz@localhost.spamassassin.taint.org,spam
Re: RedHat 8.0 and his own freetype,"Tue, 08 Oct 2002 13:05:53 -0700",zzzz@localhost.spamassassin.taint.org,ham
Attn:Targeted email addresses,"Thu, 5 Sep 2002 22:20:37 -0700",zzzz@localhost.spamassassin.taint.org,spam
[zzzzteana] A New Theory on Mapping the New World,"Mon, 07 Oct 2002 13:01:09 +0100",zzzz@localhost.spamassassin.taint.org,ham
[zzzzteana] Hot rock,"Wed, 28 Aug 2002 13:03:39 +0100",zzzz@localhost.netnoteinc.com,ham
Shipment Status,"Thu, 19 Sep 2002 17:00:05 -0500",zzzz@localhost.spamassassin.taint.org,spam
[ILUG] BUSINESS,"Fri, 23 Aug 2002 20:41:55 +0100",zzzz@localhost.spamassassin.taint.org,spam
[ILUG] enter Chinese market,"Fri, 23 Aug 2002 23:10:22 +0800",zzzz@localhost.spamassassin.taint.org,spam
Re: RedHat 8.0 and his own freetype,"Tue, 08 Oct 2002 12:57:53 -0700",zzzz@localhost.spamassassin.taint.org,ham
Re: The Curse of India's Socialism,"Tue, 20 Aug 2002 15:32:55 -0700",yyyy@localhost.netnoteinc.com,ham
YOUR ANTICIPATED ASSISTANT IS REQUIRED.,"Wed, 28 Aug 2002 14:41:06 +0200",zzzz@localhost.spamassassin.taint.org,spam
Dawn raids stoke fires of resentment,"Tue, 08 Oct 2002 08:01:06 -0000",zzzz@localhost.spamassassin.taint.org,ham
What Warren Buffett won't tell ya ...,"Tue, 10 Sep 2002 04:13:50 -1100",zzzz@localhost.spamassassin.taint.org,spam
[ILUG] AWARD NOTIFICATION,"Wed, 18 Sep 2002 01:36:31 +0100",zzzz@localhost.spamassassin.taint.org,spam
Get on the Bus.. gbvzzzz,"Tue, 17 Sep 2002 16:34:19 -0700",zzzz@localhost.spamassassin.taint.org,spam
taint.org,"Sat, 31 Aug 2002 01:59:39 -0700 (PDT)",zzzz@localhost.spamassassin.taint.org,spam
Re: revocation of grlygrl201@,"Sun, 1 Sep 2002 19:39:17 -0400",yyyy@localhost.netnoteinc.com,ham
Re: [ILUG] connecting at 1200bps in RH7.3 (help!),"Tue, 08 Oct 2002 18:36:01 +0100",zzzz@localhost.spamassassin.taint.org,ham
"zzzz,Your HGH Request!","Sat, 31 Aug 2002 07:07:19 +0800",zzzz@localhost.spamassassin.taint.org,spam
Re: The GOv gets tough on Net Users.....er Pirates..,"Mon, 26 Aug 2002 10:51:29 -0500 (CDT)",yyyy@localhost.netnoteinc.com,ham
Re: The GOv gets tough on Net Users.....er Pirates..,"Mon, 26 Aug 2002 08:26:04 -0700",yyyy@localhost.netnoteinc.com,ham
ADV: Lowest life insurance rates available!                                                   hsdpr,"Sun, 25 Aug 2002 00:49:11 -0400",zzzz@localhost.spamassassin.taint.org,spam
Re: [ILUG] eircoms adsl modems,"Thu, 29 Aug 2002 16:17:26 +0100",zzzz@localhost.netnoteinc.com,ham
Re: Java is for kiddies,28 Aug 2002 12:58:26 -0400,yyyy@localhost.netnoteinc.com,ham
Re: Java is for kiddies,"Sun, 01 Sep 2002 18:10:39 -0700",yyyy@localhost.netnoteinc.com,ham
ADV: Promote Your Website!,"Tue, 27 Aug 0102 23:35:10 +0700",zzzz@localhost.spamassassin.taint.org,spam
Re: The Disappearing Alliance,"Tue, 8 Oct 2002 19:17:04 -0400 (EDT)",zzzz@localhost.spamassassin.taint.org,ham
[zzzzteana] The new Steve Earle,"Wed, 28 Aug 2002 11:22:33 +0100",zzzz@localhost.netnoteinc.com,ham
You can gain from lowest interest rates in 30 years,"Mon, 23 Sep 2002 00:59:34 -0400",zzzz@localhost.spamassassin.taint.org,spam
Your Gateway to Wealth,"Wed, 11 Sep 2002 18:50:19 -0400",zzzz@localhost.spamassassin.taint.org,spam
[ILUG] Retrieving read mail from webmail.eircom.net via POP ?,07 Oct 2002 10:10:00 +0100,zzzz@localhost.spamassassin.taint.org,ham
[use Perl] Headlines for 2002-08-30,"Fri, 30 Aug 2002 02:00:24 +0000",zzzz@localhost.netnoteinc.com,ham
CyberAge Dating - Invitation from Jenny,"Mon, 2 Sep 2002 16:41:14 -0700",zzzz@localhost.spamassassin.taint.org,spam
Start Your Private Photo Album Online!                             13.200,"Fri, 23 Aug 2002 13:25:52 -0600",zzzz@localhost.spamassassin.taint.org,spam
Re: bad DCC traffic from e-corp.net,"Mon, 2 Sep 2002 10:25:57 -0700",zzzz@localhost.spamassassin.taint.org,ham
Low Cost Easy to Use Conferencing,"Thu, 22 Aug 2002 15:23:11 -1900",zzzz@localhost.spamassassin.taint.org,spam
Best Long Distance On the Net - 3.9 Cents With No Monthly Fees,"Tue, 17 Sep 2002 10:01:59 -0500",zzzz@localhost.spamassassin.taint.org,spam
FW: Washington wire,"Fri, 30 Aug 2002 09:03:43 -0500 (added by",zzzz@localhost.spamassassin.taint.org,spam
Introducing Chase Platinum for Students with a 0% Introductory APR,"Wed, 18 Sep 2002 09:12:04 -0500",zzzz@localhost.spamassassin.taint.org,spam
[zzzzteana] Emigrate to Russia? That's a steppe too far,"Wed, 28 Aug 2002 09:31:57 +0100",zzzz@localhost.netnoteinc.com,ham
TGE: Thugs of South Boston and The Revenge of the Bandit Princess,"Sun, 25 Aug 2002 21:18:34 -0400",yyyy@localhost.netnoteinc.com,ham
Re: PROTECT YOUR COMPUTER AGAINST HARMFUL VIRUSES! 21198,"Fri, 23 Aug 2002 07:14:49 -1600",zzzz@localhost.spamassassin.taint.org,spam
Free Merchant Account Information                XAXFT,"Tue, 27 Aug 2002 00:35:05 -1600",zzzz@localhost.spamassassin.taint.org,spam
=?GB2312?B?NTDUqrvxtcPSu9LazuXHp83yRU1BSUy12Na3tcS7+rvh?=,"Thu, 20 Sep 2001 23:58:15 +0800",zzzz@localhost.spamassassin.taint.org,spam
Re: [ILUG] packaging risks and the reputation of linux distributions,"Tue, 8 Oct 2002 03:09:59 -0700",zzzz@localhost.spamassassin.taint.org,ham
"[Razor-users] Razor2 error: can't find ""new""","Mon, 07 Oct 2002 15:22:44 -0700",zzzz@localhost.spamassassin.taint.org,ham
Half Price Cigarettes and Tobacco,"Sat, 7 Sep 2002 06:53:25 +0200",zzzz@localhost.spamassassin.taint.org,spam
http://www.efi.ie/,"Sun, 15 Sep 2002 23:46:00 +0800",zzzz@localhost.spamassassin.taint.org,spam
"[zzzzteana] It's August, and big cats are on the prowl","Wed, 28 Aug 2002 10:14:08 +0100",zzzz@localhost.netnoteinc.com,ham
Huge natural tits,"Wed, 28 Aug 2002 18:48 -0400",zzzz@localhost.spamassassin.taint.org,spam
[ILUG] Looking for a file / directory in zip file,"Thu, 29 Aug 2002 16:37:26 +0100",zzzz@localhost.netnoteinc.com,ham
Want to play poker with other people online.,"Mon, 26 Aug 2002 06:34:12 +0700",zzzz@localhost.spamassassin.taint.org,spam
Guaranteed Best Mortgage Rate,"Sat, 21 Sep 2002 22:59:44 -0700",zzzz@localhost.spamassassin.taint.org,spam
shop your loan to lenders for the best rate        OTQ,"Mon, 26 Aug 2002 09:49:55 -0700",zzzz@localhost.spamassassin.taint.org,spam
Re: The Curse of India's Socialism,"Wed, 21 Aug 2002 17:16:54 +0000",yyyy@localhost.netnoteinc.com,ham
RE: Gecko adhesion finally sussed.,"Wed, 28 Aug 2002 10:34:04 -0700",yyyy@localhost.netnoteinc.com,ham
Impaired Risk Case of the Month,"Wed, 18 Sep 2002 20:04:22 -0400",zzzz@localhost.spamassassin.taint.org,spam
Police pay damages to journalist,"Tue, 08 Oct 2002 08:01:04 -0000",zzzz@localhost.spamassassin.taint.org,ham
RE: revocation of grlygrl201@,"Sun, 1 Sep 2002 21:05:28 -0400",yyyy@localhost.netnoteinc.com,ham
How the other half gives,"Tue, 08 Oct 2002 08:00:30 -0000",zzzz@localhost.spamassassin.taint.org,ham
Re: Fw: Re: When are we going to get. [making ALSA rpms],"Mon, 26 Aug 2002 12:14:21 +0200",yyyy@localhost.netnoteinc.com,ham
RE: The Disappearing Alliance,"Tue, 8 Oct 2002 17:02:08 -0700",zzzz@localhost.spamassassin.taint.org,ham
RE: sprint delivers the next big thing??,"Wed, 21 Aug 2002 01:10:50 -0700",yyyy@localhost.netnoteinc.com,ham
[ILUG] Sun Solaris..,"Thu, 22 Aug 2002 17:23:15 +0100",zzzz@localhost.netnoteinc.com,ham
Re: [zzzzteana] Bad Buffalo,"Tue, 27 Aug 2002 23:38:48 -0500",zzzz@localhost.netnoteinc.com,ham
iiu.taint.org,"Tue, 10 Sep 2002 03:34:01 +0800 (CST)",zzzz@localhost.spamassassin.taint.org,spam
Re: How unlucky can you get?,"Mon, 26 Aug 2002 14:43:23 -0400 (EDT)",yyyy@localhost.netnoteinc.com,ham
defaulting to showing plaintext versions of e-mails,"Sat, 24 Aug 2002 09:31:22 -0400",yyyy@localhost.netnoteinc.com,ham
Never pay eBay listing fees again!,"Thu, 19 Sep 2002 01:15:03 +1100",zzzz@localhost.spamassassin.taint.org,spam
[ILUG] Re: Problems with RAID1 on cobalt raq3,"Thu, 22 Aug 2002 16:25:45 +0100",zzzz@localhost.netnoteinc.com,ham
Is Your Family Protected?,"Thu, 22 Aug 2002 10:30:04 -0500",zzzz@localhost.spamassassin.taint.org,spam
RE: Important Information Concerning Your Bank Account,"Thu, 22 Aug 2002 12:16:46 -0500",zzzz@localhost.spamassassin.taint.org,spam
Re: My source: RE: A biblical digression,"Mon, 26 Aug 2002 14:13:15 UT",yyyy@localhost.netnoteinc.com,ham
Re: Java is for kiddies,28 Aug 2002 10:58:35 -0700,yyyy@localhost.netnoteinc.com,ham
RE: The Curse of India's Socialism,"Thu, 22 Aug 2002 11:11:57 -0700",zzzz@localhost.netnoteinc.com,ham
Place Your LTC Declines with Us,"Sun, 1 Sep 2002 18:07:31 -0400",zzzz@localhost.spamassassin.taint.org,spam
"[zzzzteana] ""Put this in your stereo and smoke it ... ""","Tue, 27 Aug 2002 18:40:01 -0600",zzzz@localhost.netnoteinc.com,ham
Re: [IIU] Eircom aDSL Nat'ing,"Fri, 23 Aug 2002 00:17:46 +0100",zzzz@localhost.netnoteinc.com,ham
Re: [zzzzteana] The Coming Firestorm,"Wed, 28 Aug 2002 09:02:46 +0100",zzzz@localhost.netnoteinc.com,ham
"Re: [zzzzteana] Save the planet, kill the people","Fri, 06 Sep 2002 11:38:42 +0100",zzzz@localhost.spamassassin.taint.org,ham
Re: The case for spam,"Sat, 24 Aug 2002 11:26:34 -0400 (EDT)",yyyy@localhost.netnoteinc.com,ham
**urgent assistance**,"Thu, 12 Sep 2002 13:44:17 -0700",zzzz@localhost.spamassassin.taint.org,spam
HELP WANTED.  WORK FROM HOME REPS.,"Fri, 23 Aug 2002 03:13:31 -0400 (EDT)",zzzz@localhost.spamassassin.taint.org,spam
Get your OWN piece of history.,"Thu, 29 Aug 2002 08:45:22 -1600",zzzz@localhost.spamassassin.taint.org,spam
Re: [ILUG] mini-itx,"Wed, 9 Oct 2002 10:01:34 +0100 (IST)",zzzz@localhost.spamassassin.taint.org,ham
"Over $100,000 Per Year Possible On The Net!  No Illegal MLM Junk! Time:11:43:57 PM","Tue, 3 Sep 2002 23:43:57",zzzz@localhost.spamassassin.taint.org,spam
Re: [ILUG] cheap linux PCs,"Tue, 8 Oct 2002 12:12:59 +0100",zzzz@localhost.spamassassin.taint.org,ham
Re: [zzzzteana] The Cafe Forteana is back online!!!,"Mon, 07 Oct 2002 23:41:30 +0100",zzzz@localhost.spamassassin.taint.org,ham
Claim a Free $25 Kmart(R) Gift Card!,"Sat, 24 Aug 2002 18:21:25 -0500",zzzz@localhost.spamassassin.taint.org,spam
Fw: NORTON SYSTEMWORKS 2002 FINAL CLEARANCE SALE!           DJHL,"Sun, 01 Sep 2002 02:24:12 -1600",zzzz@localhost.spamassassin.taint.org,spam
"""A billion here, a billion there...""","Mon, 26 Aug 2002 19:05:50 -0700",yyyy@localhost.netnoteinc.com,ham
[ILUG] (no subject),"Fri, 23 Aug 2002 10:24:21 +0100",zzzz@localhost.spamassassin.taint.org,spam
Re: Zoot apt/openssh & new DVD playing doc,"Wed, 9 Oct 2002 08:55:08 +0200",zzzz@localhost.spamassassin.taint.org,ham
[zzzzteana] Re: Megalithomania UnPissup,"Mon, 07 Oct 2002 12:51:33 +0100",zzzz@localhost.spamassassin.taint.org,ham
One Sale - Three Commission Streams,"Mon, 26 Aug 2002 19:00:58 -0400",zzzz@localhost.spamassassin.taint.org,spam
RE: [zzzzteana] Moon over ocean,"Tue, 27 Aug 2002 23:57:42 -0400",zzzz@localhost.netnoteinc.com,ham
"""Holiday Season"" 2002 begins","Wed, 28 Aug 2002 20:39:25 -0400",yyyy@localhost.netnoteinc.com,ham
[scoop] CEVIRI YAZILIMLARI,"Sun, 25 Aug 2002 22:19:23 +0300",zzzz@localhost.spamassassin.taint.org,spam
[scoop] Scoop MS Word .doc file into something that plucker or other Palm app can display?,"Thu, 29 Aug 2002 17:10:47 -0400 (EDT)",zzzz@localhost.netnoteinc.com,ham
Play a Hilarious Phone Prank,"Thu, 29 Aug 2002 15:48:17 +0100",zzzz@localhost.spamassassin.taint.org,spam
ALSA (almost) made easy,"Wed, 28 Aug 2002 00:42:15 +0200",zzzz@localhost.netnoteinc.com,ham
"xine cannot play DVDs - ""liba52: a52_block error""",08 Oct 2002 15:17:25 -0700,zzzz@localhost.spamassassin.taint.org,ham
RE: [ILUG] Sun Solaris..,"Thu, 22 Aug 2002 17:13:01 +0100",zzzz@localhost.netnoteinc.com,ham
RE: The absurdities of life.,"Mon, 7 Oct 2002 21:39:39 -0400",zzzz@localhost.spamassassin.taint.org,ham
The MIME information you requested (last changed 3154 Feb 14),"Wed, 21 Aug 2002 16:20:17 -0700",yyyy@localhost.netnoteinc.com,ham
Re: use of base image / delta image for automated recovery from attacks,"Thu, 5 Sep 2002 10:17:03 +0200",zzzz@localhost.spamassassin.taint.org,ham
WORK FROM HOME.  WE ARE HIRING,"Wed, 28 Aug 2002 17:39:48 +0100",zzzz@localhost.spamassassin.taint.org,spam
Low Price Tobacco,"Fri, 23 Aug 2002 20:24:48 +0200",zzzz@localhost.spamassassin.taint.org,spam
you can watch me,"Sat, 31 Aug 2002 20:45:07 -0700",zzzz@localhost.spamassassin.taint.org,spam
Re: Adult Classifieds,"Sat, 24 Aug 2002 01:02:37 -0700",zzzz@localhost.spamassassin.taint.org,spam
"Adv: Mortgage Quotes Fast Online, No Cost","Fri, 20 Sep 2002 09:00:03 -0400 (EDT)",zzzz@localhost.spamassassin.taint.org,spam
"Re: Startups, Bubbles, and Unemployment (fwd)","Tue, 27 Aug 2002 13:50:31 -0700",zzzz@localhost.netnoteinc.com,ham
[zzzzteana] SETI at Home,"Mon, 7 Oct 2002 07:00:39 -0500",zzzz@localhost.spamassassin.taint.org,ham
WWW Form Submission,"Tue, 27 Aug 2002 22:26:56 +0900",zzzz@localhost.spamassassin.taint.org,spam
=?iso-2022-jp?B?GyRCJDckOCRfJEgkYiRiJE4lMyVpJVwlbCE8JTclZyVzGyhK?=,Tue Sep 10 00:35:47 2002,freebsd-questions@freebsd.org,spam
Iraq Today Daily News - FREE Trial,"Wed, 28 Aug 2002 15:58:44 +0200 (CEST)",zzzz@localhost.spamassassin.taint.org,spam
Re: [ILUG] Email list management howto,"Mon, 02 Sep 2002 12:00:49 +0100",zzzz@localhost.netnoteinc.com,ham
[zzzzteana] Six arrested for attacking Palio jockey who defected,"Wed, 28 Aug 2002 09:33:16 +0100",zzzz@localhost.netnoteinc.com,ham
NYTimes.com Article: Texas Pacific Goes Where Others Fear to Spend,"Sun, 25 Aug 2002 08:34:47 -0400 (EDT)",yyyy@localhost.netnoteinc.com,ham
"!Gorgeous,Custom Websites - $349 Complete! (9009zRlD0-486vNhZ47@18)","Thu, 5 Sep 2002 08:42:34 +0100",zzzz@localhost.spamassassin.taint.org,spam
How would you like to create your own DVD library? 4863d-5,"Thu, 29 Aug 0102 19:49:31 +0300",zzzz@localhost.spamassassin.taint.org,spam
Fw: NORTON SYSTEMWORKS 2002 CLEARANCE SALE!        11058,"Wed, 28 Aug 2002 09:18:21 -1600",zzzz@localhost.spamassassin.taint.org,spam
[ILUG-Social] Poker for money againts real players,"Wed, 18 Sep 0102 04:15:01 +0600",zzzz@localhost.spamassassin.taint.org,spam
"FORTUNE 500 COMPANY HIRING, AT HOME REPS.","Thu, 29 Aug 2002 22:32:54 +0100",zzzz@localhost.spamassassin.taint.org,spam
=?iso-2022-jp?B?GyRCJDckOCRfJEgkYiRiJE4lMyVpJVwlbCE8JTclZyVzGyhK?=,Mon Sep  9 23:57:58 2002,freebsd-ports@freebsd.org,spam
Your Shipment Status,"Wed, 28 Aug 2002 17:28:03 -0500",zzzz@localhost.spamassassin.taint.org,spam
Re: [zzzzteana] Nothing like mama used to make,"Thu, 22 Aug 2002 14:50:31 +0100",zzzz@localhost.netnoteinc.com,ham
Remeber me?,"Sat, 21 Sep 2002 22:45:08 -0400 (EDT)",zzzz@localhost.spamassassin.taint.org,spam
FYI - gone this weekend,"Fri, 23 Aug 2002 03:31:20 -0700",zzzz@localhost.netnoteinc.com,ham
The Best Just Got Better,"Tue, 17 Sep 2002 19:11:21 -0400",zzzz@localhost.spamassassin.taint.org,spam
[zzzzteana] Nobel astrophysicists,"Tue, 08 Oct 2002 12:17:28 +0100",zzzz@localhost.spamassassin.taint.org,ham
"eBay, Be Debt Free by 2003!                      8119","Tue, 27 Aug 2002 03:45:51 -1600",zzzz@localhost.spamassassin.taint.org,spam
Re: [zzzzteana] Moon over ocean,"Tue, 27 Aug 2002 14:42:46 -0400",zzzz@localhost.netnoteinc.com,ham
[zzzzteana] Re: Australian Catholic Kiddie Perv Steps Aside,"Thu, 22 Aug 2002 16:11:27 -0000",zzzz@localhost.netnoteinc.com,ham
[ILUG] BANK ERROR IN YOUR FAVOR,"Mon, 26 Aug 2002 14:17:21 -0400",zzzz@localhost.spamassassin.taint.org,spam
Re: Computational Recreations,29 Aug 2002 08:28:13 -0700,zzzz@localhost.netnoteinc.com,ham
This one will make you money  9/20/02 11:34:52 PM,"Fri, 20 Sep 2002 23:34:52 -0500",zzzz@localhost.spamassassin.taint.org,spam
5% Guaranteed for Eight Years,"Thu, 19 Sep 2002 19:17:11 -0400",zzzz@localhost.spamassassin.taint.org,spam
I'm ready to bare for you!,"Sun, 25 Aug 2002 19:33:54 -0700",zzzz@localhost.spamassassin.taint.org,spam
Re: RH 8 no DMA for DVD drive,08 Oct 2002 23:23:19 -0400,zzzz@localhost.spamassassin.taint.org,ham
Re: Here is your Free Access,"Wed, 28 Aug 2002 07:40:40 -0700",zzzz@localhost.spamassassin.taint.org,spam
[zzzzteana] RE:Pictish,"Wed, 28 Aug 2002 12:03:28 +0100",zzzz@localhost.netnoteinc.com,ham
[ILUG] Newbie seeks advice - Suse 7.2,"Thu, 22 Aug 2002 18:57:35 GMT",zzzz@localhost.netnoteinc.com,ham
International calls for only 33 cents per minute with no subscription,"Fri, 6 Sep 2002 11:50:24 +0100",zzzz@localhost.spamassassin.taint.org,spam
"FORTUNE 500 COMPANY HIRING, AT HOME REPS.","Fri, 23 Aug 2002 14:49:52 -0400 (EDT)",zzzz@localhost.spamassassin.taint.org,spam
Internet saturation (but not in Iceland),"Thu, 29 Aug 2002 03:58:03 -0400",yyyy@localhost.netnoteinc.com,ham
[zzzzteana] 'Lost' penguins found alive,"Wed, 28 Aug 2002 13:32:56 +0100",zzzz@localhost.netnoteinc.com,ham
RE: [ILUG] Newbie seeks advice - Suse 7.2,"Thu, 22 Aug 2002 23:06:27 +0100",zzzz@localhost.netnoteinc.com,ham
Re: girls,Sat Sep 21 08:18:08 2002,zzzz@localhost.spamassassin.taint.org,spam
Re: Java is for kiddies,"Sun, 1 Sep 2002 21:01:03 -0700 (PDT)",yyyy@localhost.netnoteinc.com,ham
Low Price Smokes,"Fri, 23 Aug 2002 20:24:48 +0200",zzzz@localhost.spamassassin.taint.org,spam
You have been hand selected... Free Info!,"Fri, 20 Sep 2002 08:00:14 -0500",zzzz@localhost.spamassassin.taint.org,spam
=?big5?Q?=A7A=B7=C7=B3=C6=A6n=A4F=B6=DC=3F?=,"Fri, 13 Sep 2002 19:35:13 +0100",zzzz@localhost.spamassassin.taint.org,spam
[ILUG] Best Replica Goods - Best Prices,"Sat, 14 Sep 2002 20:13:12 +0100",zzzz@localhost.spamassassin.taint.org,spam
Re: [zzzzteana] Secondhand books online,"Wed, 28 Aug 2002 11:15:12 +0100",zzzz@localhost.netnoteinc.com,ham
Information for you,"Fri, 13 Sep 2002 18:10:58 -1600",zzzz@localhost.spamassassin.taint.org,spam
Pics for you,2002/09/14 Sat 13:06:03 GMT,zzzz@localhost.spamassassin.taint.org,spam
- Custom Websites for $399 Complete! (1709D@5),"Tue, 27 Aug 2002 02:33:57 +0100",zzzz@localhost.spamassassin.taint.org,spam
[ILUG] Garden Ornaments | mvcmv,"Fri, 20 Sep 2002 19:22:51 -0600",zzzz@localhost.spamassassin.taint.org,spam
[ILUG] Want to play poker with other people online.,"Wed, 11 Sep 2002 05:41:45 +0500",zzzz@localhost.spamassassin.taint.org,spam
One Sale - Three Commission Streams,"Fri, 20 Sep 2002 19:20:07 -0400",zzzz@localhost.spamassassin.taint.org,spam
RE: [ILUG] cheap linux PCs,"Tue, 8 Oct 2002 14:00:48 +0100",zzzz@localhost.spamassassin.taint.org,ham
"Fwd: Norton makes the BEST software available, now ONLY $29.99! 32053","Tue, 17 Sep 2002 02:27:40 -1600",zzzz@localhost.spamassassin.taint.org,spam
[zzzzteana] Fake bank website cons victims,"Tue, 8 Oct 2002 12:03:55 +0100",zzzz@localhost.spamassassin.taint.org,ham
Congratulations on Your 6 New Signups,"Thu, 29 Aug 2002 15:36:58 +-0500",zzzz@localhost.spamassassin.taint.org,spam
ADV: Extended Auto Warranties Here                                                   aanfh,"Sun, 1 Sep 2002 08:06:43 -0500",zzzz@localhost.spamassassin.taint.org,spam
Membership Renewal,"Thu, 12 Sep 2002 11:29:48 +0100",zzzz@localhost.spamassassin.taint.org,spam
[Same thread ish] [ILUG] adsl router modem combo,"Mon, 7 Oct 2002 10:41:45 +0100",zzzz@localhost.spamassassin.taint.org,ham
[zzzzteana] Re: That wacky imam,"Wed, 28 Aug 2002 11:20:41 -0000",zzzz@localhost.netnoteinc.com,ham
Too Busy Earning A Living To Make Any Money,"Mon, 23 Sep 0102 02:41:39 -0900",zzzz@localhost.spamassassin.taint.org,spam
[ILUG] serial port transient failure,"Mon, 07 Oct 2002 10:24:40 +0200",zzzz@localhost.spamassassin.taint.org,ham
Relationship,"Thu, 22 Aug 2002 13:31:18 -0700",zzzz@localhost.spamassassin.taint.org,spam
[ILUG] Get the Child Support You Deserve                     10.132,"Thu, 22 Aug 2002 13:43:24 -0600",zzzz@localhost.spamassassin.taint.org,spam
Re: [zzzzteana] RE:Prophecies,"Mon, 07 Oct 2002 16:55:01 +0100",zzzz@localhost.spamassassin.taint.org,ham
Re: [ILUG] eircoms adsl modems,"Thu, 29 Aug 2002 16:58:04 +0100",zzzz@localhost.netnoteinc.com,ham
Re: [Webdev] mod_usertrack,"Tue, 8 Oct 2002 11:42:39 +0100",zzzz@localhost.spamassassin.taint.org,ham
Re: Fw: User Name & Password to Membership To 5 Sites zzzz@spamassassin.taint.org pviqg,"Thu, 22 Aug 2002 08:13:35 -0700",zzzz@localhost.spamassassin.taint.org,spam
Unleash your PC's Multimedia POWER at 70% off retail!,"Thu, 19 Sep 2002 16:28:25 -0400",zzzz@localhost.spamassassin.taint.org,spam
Re: [ILUG] find the biggest file,"Wed, 28 Aug 2002 08:53:55 +0200",zzzz@localhost.netnoteinc.com,ham
Grow Up And Be A Man!  abm,"Wed, 11 Sep 2002 21:38:41 -0400",zzzz@localhost.spamassassin.taint.org,spam
URGENT ASSISTANCE(CONFIDENTIAL),"Sat, 31 Aug 2002 09:41:43 -0700 (PDT)",zzzz@localhost.spamassassin.taint.org,spam
[zzzzteana] Meaningful sentences,"Thu, 22 Aug 2002 15:01:33 +0100",zzzz@localhost.netnoteinc.com,ham
Newsletter Coach'Invest - Septembre 2002,Tue Sep  3 15:33:20 2002,freebsd-questions@freebsd.org,spam
Re: Entrepreneurs,"Thu, 22 Aug 2002 15:04:02 -0700",zzzz@localhost.netnoteinc.com,ham
Life Insurance Quotes Without the Hassle...            JHIWNS,"Sun, 25 Aug 2002 04:31:51 -1900",zzzz@localhost.spamassassin.taint.org,spam
Re: [ILUG] PCTel modules,"Fri, 6 Sep 2002 00:50:13 +0100",zzzz@localhost.spamassassin.taint.org,ham
Re: A biblical digression,"Sun, 25 Aug 2002 16:50:54 UT",yyyy@localhost.netnoteinc.com,ham
<---- FREAK ME ---->,"Tue, 03 Sep 2002 10:03:14 -1900",zzzz@localhost.spamassassin.taint.org,spam
UK's Leading PC Specialist,"Sat, 29 Jun 2002 22:02:47",zzzz@localhost.spamassassin.taint.org,spam
[ILUG] STOP THE MLM INSANITY,"Fri, 30 Aug 2002 14:18:34 -0500",zzzz@localhost.spamassassin.taint.org,spam
Re: The absurdities of life.,"Tue, 08 Oct 2002 11:51:54 -0700",zzzz@localhost.spamassassin.taint.org,ham
Re: The case for spam,"Sat, 24 Aug 2002 15:00:15 +0000",yyyy@localhost.netnoteinc.com,ham
Conference calls/best quality/$.18 per minute!,"Thu, 22 Aug 2002 16:44:26 -1900",zzzz@localhost.spamassassin.taint.org,spam
Re: [ILUG] packaging risks and the reputation of linux distributions,"Tue, 08 Oct 2002 12:23:34 +0200",zzzz@localhost.spamassassin.taint.org,ham
Half Price Cigarettes and Tobacco,"Sat, 7 Sep 2002 14:36:20 +0200",zzzz@localhost.spamassassin.taint.org,spam
fwd:  NORTON SYSTEMWORKS CLEARANCE SALE_ONLY $29.99 7126kyiK0-697yFCQ4277rqZm-24,"Tue, 17 Sep 2002 03:26:40 -0300",zzzz@localhost.spamassassin.taint.org,spam
Attn: NORTON SYSTEMWORKS 2002 CLEARANCE SALE!              VOJTGT,"Thu, 29 Aug 2002 08:18:32 -1600",zzzz@localhost.spamassassin.taint.org,spam
Incredible Pictures!!!!!!!!,"Fri, 23 Aug 2002 13:03:04 -0400",zzzz@localhost.spamassassin.taint.org,spam
Human handshake opens data stream,"Tue, 08 Oct 2002 08:01:22 -0000",zzzz@localhost.spamassassin.taint.org,ham
Man leads machine in chess duel,"Tue, 08 Oct 2002 08:01:22 -0000",zzzz@localhost.spamassassin.taint.org,ham
"Testing a system, please delete","Fri, 30 Aug 02 21:48:08 Eastern Daylight Time",zzzz@localhost.spamassassin.taint.org,spam
Toners and inkjet cartridges for less....          BSJMCOIK,"Tue, 17 Sep 2002 01:46:06 -1900",zzzz@localhost.spamassassin.taint.org,spam
Welcome to the concept of RESIDUAL Income!,"Fri, 30 Aug 02 05:32:48 Eastern Daylight Time",zzzz@localhost.spamassassin.taint.org,spam
Re: Canadians,28 Aug 2002 12:57:04 -0400,yyyy@localhost.netnoteinc.com,ham
Fw: Re: Account For Cum Shots To: zzzz@spamassassin.taint.org OfferID: qxjx,"Sun, 25 Aug 2002 23:45:07 -0700",zzzz@localhost.spamassassin.taint.org,spam
buffer overflows,"Sat, 24 Aug 2002 11:30:40 -0700",yyyy@localhost.netnoteinc.com,ham
[zzzzteana] Fwd: Hill Monuments defaced to promote hunting,"Wed, 28 Aug 2002 10:14:30 +0100",zzzz@localhost.netnoteinc.com,ham
[zzzzteana] Latest Iraq-related news,"Mon, 07 Oct 2002 21:59:24 -0000",zzzz@localhost.spamassassin.taint.org,ham
Poker for money againts real players,"Sat, 14 Sep 2002 02:35:15 -0700",zzzz@localhost.spamassassin.taint.org,spam
10 die as Israeli helicopter fires on Palestinian crowd,"Tue, 08 Oct 2002 08:01:05 -0000",zzzz@localhost.spamassassin.taint.org,ham
Funds Investment,"Fri, 20 Sep 2002 12:28:59 GMT+1",zzzz@localhost.spamassassin.taint.org,spam
[ILUG] Got me a crappy laptop,"Tue, 27 Aug 2002 19:14:48 +0100",zzzz@localhost.netnoteinc.com,ham
Re: Nessus?,"Wed, 9 Oct 2002 00:03:53 +0200",zzzz@localhost.spamassassin.taint.org,ham
[zzzzteana] A Billy for the septics,"Tue, 08 Oct 2002 15:51:16 +0100",zzzz@localhost.spamassassin.taint.org,ham
Life Insurance - Why Pay More?,"Wed, 21 Aug 2002 20:31:57 -1600",zzzz@localhost.spamassassin.taint.org,spam
Re: [zzzzteana] The Cafe Forteana is back online!!!,"Mon, 7 Oct 2002 22:46:17 +0100",zzzz@localhost.spamassassin.taint.org,ham
[zzzzteana] Crop Idol: Crop circle competition,"Wed, 28 Aug 2002 08:45:25 -0000",zzzz@localhost.netnoteinc.com,ham
Re: [ILUG] find the biggest file,"Tue, 27 Aug 2002 21:25:02 +0100",zzzz@localhost.netnoteinc.com,ham
Incredible Pictures!!!!!!!!,"Fri, 23 Aug 2002 13:03:04 -0400",zzzz@localhost.spamassassin.taint.org,spam
[zzzzteana] Hitler-style applicant welcomed by parties,"Fri, 6 Sep 2002 11:32:57 +0100",zzzz@localhost.spamassassin.taint.org,ham
Plans for cable,"Thu, 22 Aug 2002 23:41:26 -0500",zzzz@localhost.spamassassin.taint.org,spam
"=?big5?Q?re:=B7Q=ADn=ADP=B4I,=A7A=C1=D9=ADn=B5=A5=A6h=A4[?=","Mon, 16 Sep 2002 18:37:11 +0100",zzzz@localhost.spamassassin.taint.org,spam
[use Perl] Stories for 2002-10-08,"Tue, 08 Oct 2002 02:00:35 +0000",zzzz@localhost.spamassassin.taint.org,ham
Guaranteed to lose 10-12 lbs in 30 days                          11.150,"Thu, 22 Aug 2002 07:36:19 -0600",zzzz@localhost.spamassassin.taint.org,spam
We Buy Renewal Commissions,"Fri, 6 Sep 2002 18:35:32 -0400",zzzz@localhost.spamassassin.taint.org,spam
FriendSearch and zzzzason.org Partnership,6 Sep 2002 07:04:43 -0000,zzzz@localhost.spamassassin.taint.org,spam
Re: zzzz@spamassassin.taint.org,"Tue, 17 Sep 2002 20:09:29 -0700",zzzz@localhost.spamassassin.taint.org,spam
Re: [ILUG] converting strings of hex to ascii,"Wed, 28 Aug 2002 10:23:20 +0100",zzzz@localhost.netnoteinc.com,ham
Re: Super CHARGE your desktop or laptop today!     17639,"Wed, 18 Sep 2002 03:39:16 -1600",zzzz@localhost.spamassassin.taint.org,spam
Interest Rates at Forty Yr. Lows,"Wed, 04 Sep 2002 01:35:46 -0800",zzzz@localhost.spamassassin.taint.org,spam
[ILUG-Social] HELLO,"Wed, 18 Sep 2002 01:11:52",zzzz@localhost.spamassassin.taint.org,spam
"Outstanding Opportunities for ""Premier Producers""","Wed, 4 Sep 2002 19:28:18 -0400",zzzz@localhost.spamassassin.taint.org,spam
Re: New Sequences Window,"Thu, 22 Aug 2002 10:04:06 -0500",yyyy@localhost.netnoteinc.com,ham
"Re: PROTECT YOUR COMPUTER,YOU NEED SYSTEMWORKS!    COXR","Fri, 20 Sep 2002 20:37:11 -1600",zzzz@localhost.spamassassin.taint.org,spam
HELP WANTED.  WORK FROM HOME REPS.,"Tue, 27 Aug 2002 03:30:13 -0400 (EDT)",zzzz@localhost.spamassassin.taint.org,spam
[ILUG] connecting at 1200bps in RH7.3 (help!),08 Oct 2002 17:34:37 +0000,zzzz@localhost.spamassassin.taint.org,ham
"zzzz, do we have your money?",21 Sep 2002 03:03:55 -0000,zzzz@localhost.spamassassin.taint.org,spam
ADV: Interest rates slashed! Don't wait!                                                   ccaxc,"Fri, 23 Aug 2002 19:05:55 -0400",zzzz@localhost.spamassassin.taint.org,spam
MSNBC: Rates Hit 35 year Low 4.75% ...12304,"Thu, 22 Aug 2002 20:49:30 -1800",zzzz@localhost.spamassassin.taint.org,spam
Re: [ILUG] adsl router modem combo,"Mon, 7 Oct 2002 11:32:54 +0100",zzzz@localhost.spamassassin.taint.org,ham
[zzzzteana] US Army tests portable translator,"Wed, 28 Aug 2002 13:50:58 +0100",zzzz@localhost.netnoteinc.com,ham
The Flight to Safety is Upon Us,"Sun, 15 Sep 2002 19:18:58 -0400",zzzz@localhost.spamassassin.taint.org,spam
Please help Home Entertainment Companies with Survey - Win a DVR!,04 Sep 2002 01:31:44 +0530,zzzz@localhost.spamassassin.taint.org,spam
Re: Java is for kiddies,"Sun, 1 Sep 2002 21:10:06 -0700 (PDT)",yyyy@localhost.netnoteinc.com,ham
[zzzzteana] Worryingly sophisticated bees,"Wed, 28 Aug 2002 13:55:54 +0100",zzzz@localhost.netnoteinc.com,ham
NEW TECHNOLOGY - DIGITAL VIDEO RECORDER (Smart IP Technology),"Sat, 7 Sep 2002 01:01:00 +0100",zzzz@localhost.spamassassin.taint.org,spam
Re: The Curse of India's Socialism,"Tue, 20 Aug 2002 15:04:35 -0700",yyyy@localhost.netnoteinc.com,ham
^^^^^Cell Phone Belt Clips $1.95^^^^^^                           18070,"Thu, 22 Aug 2002 15:45:31 -0600",zzzz@localhost.spamassassin.taint.org,spam
"Friend, Copy ANY DVD or Playstation Game with this software......","Tue, 17 Sep 2002 09:15:32 PST",zzzz@localhost.spamassassin.taint.org,spam
RIAA site hacked overnight,"Wed, 28 Aug 2002 13:01:54 -0700",yyyy@localhost.netnoteinc.com,ham
process music: Mekons,"Tue, 8 Oct 2002 16:47:31 -0400",zzzz@localhost.spamassassin.taint.org,ham
FW: SHORT TERM BUY RECOMMENDATION,"Fri, 6 Sep 2002 10:02:19 +0400",zzzz@localhost.spamassassin.taint.org,spam
Re: RH 8 no DMA for DVD drive,08 Oct 2002 23:17:17 -0400,zzzz@localhost.spamassassin.taint.org,ham
Er,"Mon, 2 Sep 2002 09:33:47 -0400",yyyy@localhost.netnoteinc.com,ham
Re: Electric car an Edsel...,2 Sep 2002 20:38:34 -0700,yyyy@localhost.spamassassin.taint.org,ham
[zzzzteana] Compensation for World's youngest mother,"Wed, 28 Aug 2002 20:42:14 +1000",zzzz@localhost.netnoteinc.com,ham
FORTUNE 500 WORK AT HOME REPS NEEDED!,"Fri, 20 Sep 2002 04:47:45 +0100",zzzz@localhost.spamassassin.taint.org,spam
[WM] CEVIRI YAZILIMLARI,"Tue, 10 Sep 2002 13:41:57 +0300",zzzz@localhost.spamassassin.taint.org,spam
** You're -Approved-!,"Fri, 23 Aug 2002 22:18:32 +1200",zzzz@localhost.spamassassin.taint.org,spam
Re: Java is for kiddies,"Wed, 28 Aug 2002 18:44:09 +0200 (CEST)",yyyy@localhost.netnoteinc.com,ham
ADV: Professional Teeth Whitening At Home!                                                   ovcnd,"Mon, 26 Aug 2002 20:36:20 -0400",zzzz@localhost.spamassassin.taint.org,spam
"LIE`S, MIS-INFORMATION and FRAUD","Sat, 07 Sep 2002 15:00:46 -0700",zzzz@localhost.spamassassin.taint.org,spam
Work at Home - $5000 a month,"Sun, 22 Sep 2002 05:37:43 +0100",zzzz@localhost.spamassassin.taint.org,spam
A revolution in the PC world has arrived.          RSIRTR,"Wed, 18 Sep 2002 18:48:58 -1600",zzzz@localhost.spamassassin.taint.org,spam
Membership Status Notification,"Tue, 17 Sep 2002 11:59:30 +-0500",zzzz@localhost.spamassassin.taint.org,spam
Advance Your Career and Find a Great Job!,"Thu,  5 Sep 2002 02:12:52 -0400 (EDT)",zzzz@localhost.spamassassin.taint.org,spam
Best product for 2002,"Fri, 13 Sep 2002 18:34:51 -1600",zzzz@localhost.spamassassin.taint.org,spam
Re: SYSTEMWORKS CLEARANCE SALE_LIMITED QUANTITIES_ONLY $29.99 TJ,"Fri, 23 Aug 2002 08:43:00 -1600",zzzz@localhost.spamassassin.taint.org,spam
"Powerball Results Saturday September 14, 2002 Estimated Jackpot $100 Million","Thu, 12 Sep 2002 10:32:03 -0500",zzzz@localhost.spamassassin.taint.org,spam
Internet News Feeds for Executives dfvht,"Thu, 29 Aug 2002 13:13:42 -0400",zzzz@localhost.spamassassin.taint.org,spam
Attn: NORTON SYSTEMWORKS CLEARANCE SALE_ONLY $29.99!                  Y,"Mon, 02 Sep 2002 03:02:53 -1600",zzzz@localhost.spamassassin.taint.org,spam
[ILUG] Can I be added to your email distribution lists?,"Mon, 2 Sep 2002 04:53:53 -0500",zzzz@localhost.netnoteinc.com,ham
"Re: [zzzzteana] FWD (TLCB) Jimmy Carter: The Troubling, New Face of America","Thu, 5 Sep 2002 22:31:31 +0100",zzzz@localhost.spamassassin.taint.org,ham
[zzzzteana] Dracula theme park could be switched to Bucharest,"Tue, 08 Oct 2002 13:28:56 +0100",zzzz@localhost.spamassassin.taint.org,ham
Congratualtions zzzz8969 ! !!,"Tue, 27 Aug 2002 21:06:23 -0400",zzzz@localhost.spamassassin.taint.org,spam
Re: [ILUG] Re: Sun Solaris,"Thu, 22 Aug 2002 22:58:39 +0100",zzzz@localhost.netnoteinc.com,ham
"Hey, rates are low. What are you waiting for?","Thu, 29 Aug 2002 01:05:56 -0800",zzzz@localhost.spamassassin.taint.org,spam
"Re: [zzzzteana] Not a materialisation, but a transfiguration","Tue, 27 Aug 2002 18:13:59 -0700 (PDT)",zzzz@localhost.netnoteinc.com,ham
Term Insurance Is Out,"Mon, 9 Sep 2002 18:58:26 -0400",zzzz@localhost.spamassassin.taint.org,spam
6.50% Annuity w/4.05% Lifetime Bailout,"Fri, 13 Sep 2002 18:58:44 -0400",zzzz@localhost.spamassassin.taint.org,spam
"Invite: Content Management Summit, Oct. 10th New York City",12 Sep 2002 18:21:31 -0000,zzzz@localhost.spamassassin.taint.org,spam
[ILUG-Social] Claim Your $25 Kmart Gift Card,"Thu, 19 Sep 2002 16:21:48 GMT",zzzz@localhost.spamassassin.taint.org,spam
Re: [ILUG] Serial number in hosts file,"Mon, 02 Sep 2002 12:04:04 +0100",zzzz@localhost.netnoteinc.com,ham
Attn: How about being a few pounds lighter?OLIBYKN,"Thu, 29 Aug 2002 19:56:38 -1600",zzzz@localhost.spamassassin.taint.org,spam
[zzzzteana] Frog Fall at Cheapside,"Thu, 5 Sep 2002 16:57:23 -0700 (PDT)",zzzz@localhost.spamassassin.taint.org,ham
Hottest babes!                                                       4139YAEk3--9,"Tue, 03 Sep 2002 01:10:08 -0800",zzzz@localhost.spamassassin.taint.org,spam
"8 Free Movie Tickets for doing a 2 Minute survey! Any Movie, Any Theater!","Sun, 25 Aug 2002 16:23:03 -0500",zzzz@localhost.spamassassin.taint.org,spam
(_) Increase Your Sales!!!!,"Wed, 28 Aug 2002 23:33:45 -1900",zzzz@localhost.spamassassin.taint.org,spam
Funds Investment,"Mon, 16 Sep 2002 13:12:50 GMT+1",zzzz@localhost.spamassassin.taint.org,spam
Re: [ILUG] Using Normal IDE Device with a Dell Latitude CPx laptop,"Tue, 27 Aug 2002 23:38:00 +0100",zzzz@localhost.netnoteinc.com,ham
Re: New Sequences Window,"Sat, 24 Aug 2002 18:56:05 +0700",yyyy@localhost.netnoteinc.com,ham
hello everybody,"Sun, 25 Aug 2002 00:58:27 +0200",yyyy@localhost.netnoteinc.com,ham
The TBA Doctor Walks the Walk on Diabetes,"Thu, 12 Sep 2002 19:19:51 -0400",zzzz@localhost.spamassassin.taint.org,spam
Re: [ILUG] find the biggest file,"Wed, 28 Aug 2002 10:20:35 +0100",zzzz@localhost.netnoteinc.com,ham
Re: [zzzzteana] Nothing like mama used to make,"Thu, 22 Aug 2002 14:38:22 +0100",zzzz@localhost.netnoteinc.com,ham
"The ""Business-Owner Friendly"" Pension Plan","Sun, 8 Sep 2002 14:04:06 -0400",zzzz@localhost.spamassassin.taint.org,spam
"zzzz,Hello","Tue, 17 Sep 2002 07:24:22 -0400",zzzz@localhost.spamassassin.taint.org,spam
Seeking Your Partnership,"Wed, 4 Sep 2002 11:25:20 +0200",zzzz@localhost.spamassassin.taint.org,spam
Everybody Gets Paid - No Recruiting Needed,"Thu, 29 Aug 2002 03:06:23 -0500",zzzz@localhost.spamassassin.taint.org,spam
RE: [ILUG] Redhat 8.0,"Mon, 2 Sep 2002 15:46:58 +0100",zzzz@localhost.netnoteinc.com,ham
Get the money you need while mortgage rates are down.,"Sat, 31 Aug 2002 22:23:31 -1600",zzzz@localhost.spamassassin.taint.org,spam
"FORTUNE 500 COMPANY HIRING, AT HOME REPS.","Thu, 22 Aug 2002 13:24:37 -0400 (EDT)",zzzz@localhost.spamassassin.taint.org,spam
ADV: Lowest Rates Available on Term Life - Free Quote                                                   ihsxq,"Mon, 26 Aug 2002 18:20:53 -0400",zzzz@localhost.spamassassin.taint.org,spam
Re: Internet saturation (but not in Iceland),29 Aug 2002 11:19:27 -0400,zzzz@localhost.netnoteinc.com,ham
Re: hauns_froehlingsdorf@infinetivity.com,"Thu, 22 Aug 2002 16:07:05 -0500",zzzz@localhost.netnoteinc.com,ham
[ILUG] doolin,"Tue, 27 Aug 2002 21:19:10 +0100",zzzz@localhost.netnoteinc.com,ham
Re: [zzzzteana] The Cafe Forteana is back online!!!,"Mon, 7 Oct 2002 23:11:58 -0500",zzzz@localhost.spamassassin.taint.org,ham
Re: lifegem,"Thu, 22 Aug 2002 15:25:24 -0400 (EDT)",zzzz@localhost.netnoteinc.com,ham
"Free Excerpt;  Baby Makers, Loser Choosers, & Welfare Abusers...Images of My America!",Mon Sep  9 12:21:16 2002,freebsd-ports@freebsd.org,spam
/home/dude,"Wed, 28 Aug 2002 14:32:35 +0200",zzzz@localhost.netnoteinc.com,ham
"A must have for ""Gadget"" lovers 7134-4","Mon, 26 Aug 0102 23:12:40 -0700",zzzz@localhost.spamassassin.taint.org,spam
RE: Java is for kiddies,"Mon, 2 Sep 2002 09:30:22 -0700",yyyy@localhost.spamassassin.taint.org,ham
Re: RedHat 8.0 and his own freetype,"Wed, 9 Oct 2002 08:36:02 +0200",zzzz@localhost.spamassassin.taint.org,ham
ADV: Lowest life insurance rates available!                                                   moode,"Fri, 23 Aug 2002 02:16:25 -0400",zzzz@localhost.spamassassin.taint.org,spam
Re:[1]Save over $70 on this exquisite software suite. 32004,"Fri, 06 Sep 2002 11:41:10 -1600",zzzz@localhost.spamassassin.taint.org,spam
Re: defaulting to showing plaintext versions of e-mails,"Sun, 25 Aug 2002 21:58:24 -0500",yyyy@localhost.netnoteinc.com,ham
** You're approved. **,"Sun, 01 Sep 2002 08:00:47 -0100",zzzz@localhost.spamassassin.taint.org,spam
MULTIPLY YOUR CUSTOMER BASE!,"Thu, 22 Aug 2002 13:18:16 -0500",zzzz@localhost.spamassassin.taint.org,spam
Man kills self with home booby-traps,"Tue, 08 Oct 2002 08:00:26 -0000",zzzz@localhost.spamassassin.taint.org,ham
Re: Tiny DNS Swap,"Fri, 30 Aug 2002 10:30:36 -0500",zzzz@localhost.netnoteinc.com,ham
REQUEST FOR MUTUALLY BENEFITTING ENDEAVOUR.,"Fri, 23 Aug 2002 14:53:09 -0400",zzzz@localhost.spamassassin.taint.org,spam
--> DIRECT MARKETING WILL INCREASE SALES           23875,"Mon, 09 Sep 2002 05:26:05 -1900",zzzz@localhost.spamassassin.taint.org,spam
[use Perl] Headlines for 2002-10-08,"Tue, 08 Oct 2002 02:00:26 +0000",zzzz@localhost.spamassassin.taint.org,ham
Re: What a night!,"Fri, 20 Sep 2002 20:39:50 +1200",zzzz@localhost.spamassassin.taint.org,spam
Memory loss?,"Tue, 27 Aug 2002 13:41:46 -1600",zzzz@localhost.spamassassin.taint.org,spam
find the bug,"Fri, 30 Aug 2002 16:36:46 +0100",zzzz@localhost.netnoteinc.com,ham
The case for spam,"Thu, 22 Aug 2002 12:39:47 -0300",zzzz@localhost.netnoteinc.com,ham
[zzzzteana] And deliver us from weevil,"Tue, 08 Oct 2002 12:15:50 +0100",zzzz@localhost.spamassassin.taint.org,ham
Re: The case for spam,"Fri, 23 Aug 2002 01:20:23 +0000",zzzz@localhost.netnoteinc.com,ham
Get the Child Support You Deserve                      10.124,"Mon, 26 Aug 2002 12:13:46 -0600",zzzz@localhost.spamassassin.taint.org,spam
SChoolHouseRocks DVD,"Mon, 2 Sep 2002 13:37:32 -0400 (EDT)",yyyy@localhost.spamassassin.taint.org,ham
RE: [zzzzteana] Digest Number 2453,"Wed, 28 Aug 2002 10:42:25 +0100",zzzz@localhost.netnoteinc.com,ham
Re: [ILUG] converting strings of hex to ascii,"Wed, 28 Aug 2002 11:04:19 +0200",zzzz@localhost.netnoteinc.com,ham
[ILUG] Re: serial console...not quite working,"Thu, 29 Aug 2002 16:51:17 +0100",zzzz@localhost.netnoteinc.com,ham
"Re: Rambus, Man","Tue, 27 Aug 2002 04:44:02 +0200 (CEST)",yyyy@localhost.netnoteinc.com,ham
Re: The GOv gets tough on Net Users.....er Pirates..,"Sat, 24 Aug 2002 10:57:13 -0400 (EDT)",yyyy@localhost.netnoteinc.com,ham
[ILUG] MICHAEL ! ilug,"Mon, 16 Sep 2002 09:33:38 +0200",zzzz@localhost.spamassassin.taint.org,spam
Re: [ILUG] windows users accessing cvs...,"Thu, 5 Sep 2002 17:38:11 -0700",zzzz@localhost.spamassassin.taint.org,ham
"Fw: PROTECT YOUR COMPUTER,YOU NEED SYSTEMWORKS!DGYWAOG","Mon, 26 Aug 2002 00:59:23 -1600",zzzz@localhost.spamassassin.taint.org,spam
Re: Instant Quote,"Sun, 25 Aug 2002 06:08:23 -1900",zzzz@localhost.spamassassin.taint.org,spam
Guaranteed Best Mortgage Rate,"Sun, 22 Sep 2002 15:24:13 -0700",zzzz@localhost.spamassassin.taint.org,spam
Re: [ILUG] cups question,08 Oct 2002 17:30:36 +0100,zzzz@localhost.spamassassin.taint.org,ham
Re: [ILUG] find the biggest file,"Tue, 27 Aug 2002 20:36:02 +0100",zzzz@localhost.netnoteinc.com,ham
[zzzzteana] Astro bits,"Tue, 08 Oct 2002 13:32:45 +0100",zzzz@localhost.spamassassin.taint.org,ham
"Hi,  Low price  inkjet cartridges bvax","Thu, 29 Aug 2002 12:51:30 -0400",zzzz@localhost.spamassassin.taint.org,spam
[ILUG] Guaranteed to lose 10-12 lbs in 30 days 10.206,"Thu, 22 Aug 2002 06:18:18 -0600",zzzz@localhost.spamassassin.taint.org,spam
[WM] özür dileriz,"Mon, 16 Sep 2002 09:38:36 -0400",zzzz@localhost.spamassassin.taint.org,spam
investment,"Fri, 23 Aug 2002 22:46:34 GMT+1",zzzz@localhost.spamassassin.taint.org,spam
Re: [ILUG] rpm dependencies,"Mon, 07 Oct 2002 10:34:22 +0200",zzzz@localhost.spamassassin.taint.org,ham
ADV: Lowest life insurance rates available!                                                   pzcby,"Fri, 30 Aug 2002 14:31:31 -0400",zzzz@localhost.spamassassin.taint.org,spam
Re: Insert signature,"Thu, 22 Aug 2002 13:03:57 -0500",yyyy@localhost.netnoteinc.com,ham
[zzzzteana] RE: Alexander,"Thu, 22 Aug 2002 12:46:18 +0100",zzzz@localhost.netnoteinc.com,ham
.. kennst mich noch ? nehrb,"Wed, 20 Feb 2002 15:15:14 +0100",zzzz@localhost.spamassassin.taint.org,spam
---> Undervalued Company,"Fri, 30 Aug 2002 10:19:42 +0900 (KST)",zzzz@localhost.spamassassin.taint.org,spam
RE: Java is for kiddies,"Sun, 1 Sep 2002 19:21:33 -0700 (PDT)",zzzz@localhost.netnoteinc.com,ham
[ILUG] Using Normal IDE Device with a Dell Latitude CPx laptop,"Tue, 27 Aug 2002 22:31:39 +0100",zzzz@localhost.netnoteinc.com,ham
Re: Encryption approach to secure web applications,"Thu, 22 Aug 2002 23:49:00 +0200",zzzz@localhost.netnoteinc.com,ham
FBI & IRS seized goods at 99% off! Police Auctions!,"Mon, 26 Aug 2002 22:38:04 -0500",zzzz@localhost.spamassassin.taint.org,spam
Mothers you want to fuck,"Fri, 23 Aug 2002 07:26 -0400",zzzz@localhost.spamassassin.taint.org,spam
Market Internet Access - No Investment Needed,"Sun, 25 Aug 2002 20:57:58 -0900",zzzz@localhost.spamassassin.taint.org,spam
Re: Internet saturation (but not in Iceland),"Thu, 29 Aug 2002 11:27:03 +0100",yyyy@localhost.netnoteinc.com,ham
[ILUG] Email list management howto,"Mon, 2 Sep 2002 11:48:22 +0100",zzzz@localhost.netnoteinc.com,ham
Re: The GOv gets tough on Net Users.....er Pirates..,"Tue, 27 Aug 2002 00:19:37 -0400 (EDT)",yyyy@localhost.netnoteinc.com,ham
ADV: Interest rates slashed! Don't wait!                                                   xoxun,"Fri, 30 Aug 2002 14:29:07 -0400",zzzz@localhost.spamassassin.taint.org,spam
Re: Canadians,28 Aug 2002 12:07:24 -0400,yyyy@localhost.netnoteinc.com,ham
Re: [zzzzteana] Free Web Hosting?,"Thu, 05 Sep 2002 22:54:52 +0100",zzzz@localhost.spamassassin.taint.org,ham
Re: New Sequences Window,"Thu, 22 Aug 2002 10:25:52 -0500",zzzz@localhost.netnoteinc.com,ham
Re: How unlucky can you get?,"Mon, 26 Aug 2002 20:15:28 +0000",yyyy@localhost.netnoteinc.com,ham
Re: You want sex? 7099ocYT9-261UccU3485gGCz0-11-27,"Fri, 30 Aug 2002 07:24:19 -0000",zzzz@localhost.spamassassin.taint.org,spam
Re: New Sequences Window,"Thu, 22 Aug 2002 11:28:39 -0500",yyyy@localhost.netnoteinc.com,ham
Re: [ILUG] Interesting article on free software licences,"Tue, 8 Oct 2002 15:43:12 -0700",zzzz@localhost.spamassassin.taint.org,ham
[zzzzteana] Pravda reports cities on the moon!,"Tue, 8 Oct 2002 09:24:39 -0400",zzzz@localhost.spamassassin.taint.org,ham
new extensions now only $14.95,"Sun, 22 Sep 0102 04:09:28 +1100",zzzz@localhost.spamassassin.taint.org,spam
=?big5?Q?=A4=A3=AC=DD=B7|=AB=E1=AE=AC?=,"Mon, 9 Sep 2002 11:34:43 +0100",zzzz@localhost.spamassassin.taint.org,spam
More cash for the business you already write - IMMEDIATELY,"Sun, 25 Aug 2002 19:57:34 -0400",zzzz@localhost.spamassassin.taint.org,spam
If You Dont... Your Competition Will!              7377,"Fri, 20 Sep 2002 18:27:57 -0600",zzzz@localhost.spamassassin.taint.org,spam
link to my webcam you wanted,"Mon, 26 Aug 2002 22:57:34 -0400",zzzz@localhost.spamassassin.taint.org,spam
[zzzzteana] Scissors are a snip for Third World,"Fri, 6 Sep 2002 11:30:04 +0100",zzzz@localhost.spamassassin.taint.org,ham
Attn: NORTON SYSTEMWORKS 2002 BLOWOUT!                 QHZHC,"Fri, 30 Aug 2002 18:54:15 -1600",zzzz@localhost.spamassassin.taint.org,spam
Look What Sandy is Doing in her DORM!!,"Fri, 23 Aug 2002 10:50:21 -1600",zzzz@localhost.spamassassin.taint.org,spam
Best product for 2002,"Fri, 13 Sep 2002 18:34:51 -1600",zzzz@localhost.spamassassin.taint.org,spam
Re: The GOv gets tough on Net Users.....er Pirates..,27 Aug 2002 13:49:25 -0400,zzzz@localhost.netnoteinc.com,ham
WARNING: Your computer may contain a virus!,"Mon, 16 Sep 2002 15:56:33 +0800",zzzz@localhost.spamassassin.taint.org,spam
"[ILUG] ilug,Bigger, Fuller Breasts Naturally In Just Weeks","Sat, 24 Aug 2002 06:00:00 +0800",zzzz@localhost.spamassassin.taint.org,spam
[ILUG] re: popular .BIZ and .COM extensions for only $14.95,"Fri, 13 Sep 2002 12:10:21 -0600",zzzz@localhost.spamassassin.taint.org,spam
[scoop] Haberdar olun,"Mon, 26 Aug 2002 20:05:24 -0400",zzzz@localhost.spamassassin.taint.org,spam
Re: [scoop] Scoop MS Word .doc file into something that plucker or other Palm app can display?,"Fri, 30 Aug 2002 08:27:09 +0800",zzzz@localhost.netnoteinc.com,ham
Impaired Risk Case of the Month,"Fri, 23 Aug 2002 18:32:48 -0400",zzzz@localhost.spamassassin.taint.org,spam
Make your prints beautiful & SAVE BIG!                 OYDQH,"Wed, 28 Aug 2002 20:22:21 -1600",zzzz@localhost.spamassassin.taint.org,spam
found a secret link   ADV,19 Sep 2002 09:04:24 -0000,zzzz@localhost.spamassassin.taint.org,spam
[ILUG] PCTel modules,"Thu, 5 Sep 2002 15:17:36 -0700 (PDT)",zzzz@localhost.spamassassin.taint.org,ham
Re: [ILUG] Sun Solaris..,"Thu, 22 Aug 2002 17:36:41 +0100",zzzz@localhost.netnoteinc.com,ham
Re: The GOv gets tough on Net Users.....er Pirates..,"Mon, 26 Aug 2002 11:41:12 -0700",yyyy@localhost.netnoteinc.com,ham
re: domain registration savings,"Mon, 26 Aug 2002 06:30:21 -1100",zzzz@localhost.spamassassin.taint.org,spam
[zzzzteana] Language problems,"Tue, 08 Oct 2002 13:30:43 +0100",zzzz@localhost.spamassassin.taint.org,ham
Re: mplayer not working for me,"Tue, 08 Oct 2002 22:24:30 +0200",zzzz@localhost.spamassassin.taint.org,ham
Re: The GOv gets tough on Net Users.....er Pirates..,27 Aug 2002 13:30:53 -0400,zzzz@localhost.netnoteinc.com,ham
Re: CVS report,"Thu, 22 Aug 2002 09:59:35 -0500",yyyy@localhost.netnoteinc.com,ham
FREE Cell Phone + $50 Cash Back!,"Thu, 22 Aug 2002 16:30:32 -0500",zzzz@localhost.spamassassin.taint.org,spam
"zzzz,Increase your breast size. 100% safe!","Sat, 24 Aug 2002 07:08:34 +0800",zzzz@localhost.spamassassin.taint.org,spam
Re: The MIME information you requested (last changed 3154 Feb 14),"Tue, 27 Aug 2002 12:27:40 -0400",yyyy@localhost.netnoteinc.com,ham
Re: Ink Prices Got You Down?              11956,"Fri, 20 Sep 2002 06:03:11 -1600",zzzz@localhost.spamassassin.taint.org,spam
Re: Computational Recreations,"Mon, 26 Aug 2002 12:59:07 -0400 (EDT)",yyyy@localhost.netnoteinc.com,ham
CIGARETTES WHOLESALE!       HYWWZZLZD,"Tue, 10 Sep 2002 13:53:44 -1900",zzzz@localhost.spamassassin.taint.org,spam
Re: [zzzzteana] Bigfoot and big feet on display at Peabody,"Mon, 7 Oct 2002 22:23:11 -0500",zzzz@localhost.spamassassin.taint.org,ham
Paperless Publishing is Here and Now,"Wed, 11 Sep 2002 05:57:17 -0100",zzzz@localhost.spamassassin.taint.org,spam
[ILUG] freeserve in the uk?,"Mon, 2 Sep 2002 15:58:51 +0100",zzzz@localhost.netnoteinc.com,ham
Tech's Major Decline,"Sun, 1 Sep 2002 19:40:27 -0700 (PDT)",yyyy@localhost.netnoteinc.com,ham
[ILUG] VPN implementation,"Mon, 2 Sep 2002 11:00:17 +0100",zzzz@localhost.netnoteinc.com,ham
Market Internet Access - No Investment Needed,"Mon, 26 Aug 2002 05:48:48 -1000",zzzz@localhost.spamassassin.taint.org,spam
"Rambus, Man","Mon, 26 Aug 2002 13:39:46 -0700 (PDT)",yyyy@localhost.netnoteinc.com,ham
Re: [ILUG] directory merging,"Wed, 28 Aug 2002 09:57:04 +0100",zzzz@localhost.netnoteinc.com,ham
future business ÊÓËÃÑº¤Ø³!,"Mon, 26 Aug 2002 02:29:35 +0700",zzzz@localhost.spamassassin.taint.org,spam
Re: [zzzzteana] The Cafe Forteana is back online!!!,"Mon, 7 Oct 2002 16:42:27 -0500",zzzz@localhost.spamassassin.taint.org,ham
[ILUG] assistance needed,"Thu, 05 Sep 2002 02:00:11",zzzz@localhost.spamassassin.taint.org,spam
Re: [zzzzteana] Which Muppet Are You?,"Thu, 22 Aug 2002 17:23:28 +0100",zzzz@localhost.netnoteinc.com,ham
"=?big5?Q?re:=A7=DA=AA=BE=B9D=A7A=BB=DD=ADn=A7=F3=A6h=BE=F7=B7|,=A4@=B0_=A8=D3=A7a!?=","Mon, 16 Sep 2002 06:41:02 +0100",zzzz@localhost.spamassassin.taint.org,spam
Re: The case for spam,"Fri, 23 Aug 2002 16:30:01 -0400 (EDT)",yyyy@localhost.netnoteinc.com,ham
Re: [ILUG] Interesting article on free software licences,"Mon, 7 Oct 2002 09:43:11 +0100 (BST)",zzzz@localhost.spamassassin.taint.org,ham
Re: [ILUG] Interesting article on free software licences,"Tue, 8 Oct 2002 23:51:52 +0200 (CEST)",zzzz@localhost.spamassassin.taint.org,ham
enter Chinese market,"Sat, 24 Aug 2002 00:40:58 +0800",zzzz@localhost.spamassassin.taint.org,spam
RE: [ILUG] Drop in replacement for Ingres Database?,"Mon, 7 Oct 2002 09:18:21 +0100",zzzz@localhost.spamassassin.taint.org,ham
